Date,Time,Day_of_week,Timestamp,Batch_ID,BRIX,COLOR_a_b,BOSTWICK_cm,pH,ACIDITY_pct,BLOTTER_TEST,SYNERESIS_pct,SALT_pct,Status,Action_Cost_EUR,Deviations
2025-06-25,00:00,Wednesday,2025-06-25 00:00,B0001,28.21,2.08,4.17,4.28,6.21,2.68,3.4,1.86,Accept,0,
2025-06-25,01:00,Wednesday,2025-06-25 01:00,B0002,28.0,2.01,3.39,4.24,6.05,2.15,4.83,1.97,Accept,0,
2025-06-25,02:00,Wednesday,2025-06-25 02:00,B0003,29.5,2.08,4.07,4.19,6.2,3.57,4.0,1.9,Accept,0,
2025-06-25,03:00,Wednesday,2025-06-25 03:00,B0004,28.6,1.97,4.49,4.15,6.6,1.82,2.87,2.03,Accept,0,
2025-06-25,04:00,Wednesday,2025-06-25 04:00,B0005,28.71,2.08,3.09,4.02,8.12,3.46,3.38,1.78,Critical Waste,6000,"pH, ACIDITY_pct"
2025-06-25,05:00,Wednesday,2025-06-25 05:00,B0006,28.71,2.02,3.59,4.26,7.02,3.56,3.21,1.95,Accept,0,
2025-06-25,06:00,Wednesday,2025-06-25 06:00,B0007,27.85,2.11,4.25,4.23,8.44,3.1,6.0,2.07,Correction,450,"BRIX, ACIDITY_pct"
2025-06-25,07:00,Wednesday,2025-06-25 07:00,B0008,28.73,2.0,4.22,4.31,6.48,3.94,1.97,2.12,Accept,0,
2025-06-25,08:00,Wednesday,2025-06-25 08:00,B0009,28.1,2.13,4.54,4.22,6.23,2.1,3.25,2.11,Accept,0,
2025-06-25,09:00,Wednesday,2025-06-25 09:00,B0010,28.32,2.01,4.55,4.24,6.24,3.31,3.87,2.15,Accept,0,
2025-06-25,10:00,Wednesday,2025-06-25 10:00,B0011,28.49,2.1,3.85,4.2,7.14,2.82,1.94,2.05,Accept,0,
2025-06-25,11:00,Wednesday,2025-06-25 11:00,B0012,28.48,1.99,3.9,4.24,7.44,3.1,3.98,1.99,Accept,0,
2025-06-25,12:00,Wednesday,2025-06-25 12:00,B0013,28.59,1.7,3.0,4.12,7.58,3.57,4.21,2.0,Correction,450,COLOR_a_b
2025-06-25,13:00,Wednesday,2025-06-25 13:00,B0014,28.53,2.07,3.98,4.15,7.07,3.45,4.35,1.86,Accept,0,
2025-06-25,14:00,Wednesday,2025-06-25 14:00,B0015,29.09,2.16,3.47,4.22,6.25,3.55,4.99,2.13,Accept,0,
2025-06-25,15:00,Wednesday,2025-06-25 15:00,B0016,28.06,2.06,3.36,4.25,6.04,3.93,3.25,1.95,Accept,0,
2025-06-25,16:00,Wednesday,2025-06-25 16:00,B0017,28.42,2.03,5.96,4.39,8.59,6.54,4.61,1.95,Correction,450,"ACIDITY_pct, BLOTTER_TEST"
2025-06-25,17:00,Wednesday,2025-06-25 17:00,B0018,28.73,2.07,2.77,4.06,7.92,4.3,5.3,2.09,Correction,450,pH
2025-06-25,18:00,Wednesday,2025-06-25 18:00,B0019,28.68,2.12,4.1,4.15,7.02,3.8,4.31,1.86,Accept,0,
2025-06-25,19:00,Wednesday,2025-06-25 19:00,B0020,29.01,1.98,4.58,4.24,6.91,4.14,3.63,1.89,Accept,0,
2025-06-25,20:00,Wednesday,2025-06-25 20:00,B0021,28.91,2.03,4.73,4.25,7.87,3.06,2.82,1.99,Accept,0,
2025-06-25,21:00,Wednesday,2025-06-25 21:00,B0022,28.23,2.09,3.87,4.26,6.74,2.96,3.21,1.77,Accept,0,
2025-06-25,22:00,Wednesday,2025-06-25 22:00,B0023,28.14,1.87,5.49,4.32,8.0,5.76,5.28,1.8,Correction,450,BLOTTER_TEST
2025-06-25,23:00,Wednesday,2025-06-25 23:00,B0024,26.59,1.53,8.04,4.66,10.58,8.08,5.43,1.92,Critical Waste,6000,"BRIX, COLOR_a_b, BOSTWICK_cm, pH, ACIDITY_pct, BLOTTER_TEST"
2025-06-26,00:00,Thursday,2025-06-26 00:00,B0025,28.71,2.07,4.01,4.27,7.22,3.0,4.73,2.15,Accept,0,
2025-06-26,01:00,Thursday,2025-06-26 01:00,B0026,28.49,2.11,3.54,4.21,6.26,3.05,5.42,1.72,Accept,0,
2025-06-26,02:00,Thursday,2025-06-26 02:00,B0027,28.45,2.06,3.46,4.2,7.28,3.08,4.18,1.81,Accept,0,
2025-06-26,03:00,Thursday,2025-06-26 03:00,B0028,28.62,2.0,5.29,4.26,5.49,3.11,3.34,2.13,Accept,0,
2025-06-26,04:00,Thursday,2025-06-26 04:00,B0029,28.33,2.18,3.8,4.2,6.66,2.03,4.46,2.19,Accept,0,
2025-06-26,05:00,Thursday,2025-06-26 05:00,B0030,29.34,2.13,3.09,4.19,7.13,2.58,4.11,2.12,Accept,0,
2025-06-26,06:00,Thursday,2025-06-26 06:00,B0031,28.59,1.98,3.22,4.21,5.5,2.22,4.88,2.2,Accept,0,
2025-06-26,07:00,Thursday,2025-06-26 07:00,B0032,29.1,1.94,4.7,4.22,6.01,3.28,3.94,1.91,Accept,0,
2025-06-26,08:00,Thursday,2025-06-26 08:00,B0033,28.83,2.06,2.86,4.3,6.19,4.27,4.28,2.01,Accept,0,
2025-06-26,09:00,Thursday,2025-06-26 09:00,B0034,28.7,2.0,3.88,4.19,6.21,3.51,4.05,1.9,Accept,0,
2025-06-26,10:00,Thursday,2025-06-26 10:00,B0035,28.73,2.1,3.62,4.27,6.78,2.57,2.55,1.82,Accept,0,
2025-06-26,11:00,Thursday,2025-06-26 11:00,B0036,28.79,2.03,3.87,4.29,6.91,3.49,4.71,2.0,Accept,0,
2025-06-26,12:00,Thursday,2025-06-26 12:00,B0037,28.52,2.12,3.84,4.18,7.46,3.64,2.55,1.93,Accept,0,
2025-06-26,13:00,Thursday,2025-06-26 13:00,B0038,29.01,2.11,4.37,4.26,6.49,2.46,3.85,1.9,Accept,0,
2025-06-26,14:00,Thursday,2025-06-26 14:00,B0039,28.49,2.11,4.37,4.3,6.28,3.12,4.19,2.13,Accept,0,
2025-06-26,15:00,Thursday,2025-06-26 15:00,B0040,28.09,1.94,3.57,4.21,6.66,3.89,4.4,1.98,Accept,0,
2025-06-26,16:00,Thursday,2025-06-26 16:00,B0041,28.49,2.05,3.59,4.22,7.14,3.46,4.14,2.01,Accept,0,
2025-06-26,17:00,Thursday,2025-06-26 17:00,B0042,28.84,2.02,4.13,4.22,6.55,2.54,3.82,2.07,Accept,0,
2025-06-26,18:00,Thursday,2025-06-26 18:00,B0043,28.45,2.2,4.72,4.33,6.44,3.59,2.78,2.12,Accept,0,
2025-06-26,19:00,Thursday,2025-06-26 19:00,B0044,27.86,2.01,3.54,4.23,6.67,4.13,4.47,1.91,Correction,450,BRIX
2025-06-26,20:00,Thursday,2025-06-26 20:00,B0045,28.86,2.17,4.42,4.21,6.46,2.83,4.01,1.84,Accept,0,
2025-06-26,21:00,Thursday,2025-06-26 21:00,B0046,28.56,2.15,3.04,4.18,6.5,3.03,3.48,2.09,Accept,0,
2025-06-26,22:00,Thursday,2025-06-26 22:00,B0047,28.12,2.09,4.64,4.31,6.09,2.82,3.97,2.31,Accept,0,
2025-06-26,23:00,Thursday,2025-06-26 23:00,B0048,29.01,2.06,5.24,4.33,6.38,3.58,4.25,2.21,Accept,0,
2025-06-27,00:00,Friday,2025-06-27 00:00,B0049,28.45,2.02,2.96,4.31,6.94,2.92,3.94,1.67,Accept,0,
2025-06-27,01:00,Friday,2025-06-27 01:00,B0050,29.17,1.94,2.98,4.22,6.69,2.98,2.35,1.99,Accept,0,
2025-06-27,02:00,Friday,2025-06-27 02:00,B0051,28.56,2.04,3.34,4.25,6.87,2.83,5.24,1.95,Accept,0,
2025-06-27,03:00,Friday,2025-06-27 03:00,B0052,28.41,1.99,3.94,4.16,6.22,2.28,5.18,2.01,Accept,0,
2025-06-27,04:00,Friday,2025-06-27 04:00,B0053,28.78,2.15,4.51,4.18,6.13,3.35,3.42,1.82,Accept,0,
2025-06-27,05:00,Friday,2025-06-27 05:00,B0054,28.07,2.16,4.99,4.21,6.79,3.19,5.96,2.17,Accept,0,
2025-06-27,06:00,Friday,2025-06-27 06:00,B0055,29.13,1.85,3.51,4.17,6.41,2.97,3.06,1.9,Accept,0,
2025-06-27,07:00,Friday,2025-06-27 07:00,B0056,29.19,2.12,4.0,4.31,6.54,2.48,4.87,2.08,Accept,0,
2025-06-27,08:00,Friday,2025-06-27 08:00,B0057,28.46,2.0,4.84,4.14,5.54,3.56,3.82,2.02,Accept,0,
2025-06-27,09:00,Friday,2025-06-27 09:00,B0058,28.37,2.01,3.64,4.17,6.52,2.5,3.99,1.99,Accept,0,
2025-06-27,10:00,Friday,2025-06-27 10:00,B0059,28.74,2.04,4.14,4.24,6.14,2.68,4.17,2.03,Accept,0,
2025-06-27,11:00,Friday,2025-06-27 11:00,B0060,28.02,2.09,3.6,4.25,6.12,1.92,2.66,2.01,Accept,0,
2025-06-27,12:00,Friday,2025-06-27 12:00,B0061,28.07,2.11,3.32,4.24,7.89,2.03,3.7,1.94,Accept,0,
2025-06-27,13:00,Friday,2025-06-27 13:00,B0062,28.95,2.0,4.5,4.15,6.76,3.86,2.07,1.88,Accept,0,
2025-06-27,14:00,Friday,2025-06-27 14:00,B0063,28.66,2.06,4.29,4.31,6.44,3.07,3.38,2.09,Accept,0,
2025-06-27,15:00,Friday,2025-06-27 15:00,B0064,28.74,2.02,4.17,4.34,6.94,2.8,4.64,1.94,Accept,0,
2025-06-27,16:00,Friday,2025-06-27 16:00,B0065,28.36,1.87,4.63,4.17,5.71,3.01,3.63,2.12,Accept,0,
2025-06-27,17:00,Friday,2025-06-27 17:00,B0066,28.68,2.11,3.11,4.29,6.67,2.75,4.24,2.34,Accept,0,
2025-06-27,18:00,Friday,2025-06-27 18:00,B0067,28.36,2.01,2.97,4.15,8.71,4.4,4.58,2.21,Correction,450,ACIDITY_pct
2025-06-27,19:00,Friday,2025-06-27 19:00,B0068,28.51,1.97,3.73,4.24,6.88,2.45,4.41,2.2,Accept,0,
2025-06-27,20:00,Friday,2025-06-27 20:00,B0069,28.03,2.07,3.36,4.19,6.59,3.5,3.18,1.65,Accept,0,
2025-06-27,21:00,Friday,2025-06-27 21:00,B0070,28.74,1.78,7.92,4.32,7.59,4.73,5.58,2.06,Correction,450,"COLOR_a_b, BOSTWICK_cm"
2025-06-27,22:00,Friday,2025-06-27 22:00,B0071,28.69,1.96,3.2,4.33,6.59,3.06,3.74,2.12,Accept,0,
2025-06-27,23:00,Friday,2025-06-27 23:00,B0072,28.62,2.14,2.98,4.31,6.42,2.74,3.09,1.75,Accept,0,
2025-06-28,00:00,Saturday,2025-06-28 00:00,B0073,28.52,2.1,4.76,4.17,5.75,2.84,3.01,1.98,Accept,0,
2025-06-28,01:00,Saturday,2025-06-28 01:00,B0074,27.66,2.05,3.86,4.26,7.42,3.68,3.61,1.83,Critical Waste,6000,BRIX
2025-06-28,02:00,Saturday,2025-06-28 02:00,B0075,28.6,2.06,3.59,4.23,6.11,3.4,3.72,2.02,Accept,0,
2025-06-28,03:00,Saturday,2025-06-28 03:00,B0076,28.59,2.01,3.57,4.23,6.37,3.9,1.94,2.16,Accept,0,
2025-06-28,04:00,Saturday,2025-06-28 04:00,B0077,28.19,2.07,4.17,4.2,6.43,3.32,4.38,1.8,Accept,0,
2025-06-28,05:00,Saturday,2025-06-28 05:00,B0078,28.93,2.15,4.43,4.15,6.24,3.29,2.94,2.11,Accept,0,
2025-06-28,06:00,Saturday,2025-06-28 06:00,B0079,28.88,1.97,4.14,4.24,7.32,2.4,3.34,1.86,Accept,0,
2025-06-28,07:00,Saturday,2025-06-28 07:00,B0080,28.76,1.76,5.79,4.27,7.08,5.05,4.15,1.65,Correction,450,"COLOR_a_b, BLOTTER_TEST"
2025-06-28,08:00,Saturday,2025-06-28 08:00,B0081,28.86,1.94,4.75,4.09,5.62,2.67,4.48,2.0,Correction,450,pH
2025-06-28,09:00,Saturday,2025-06-28 09:00,B0082,28.47,2.05,4.18,4.12,5.83,3.45,3.92,1.97,Accept,0,
2025-06-28,10:00,Saturday,2025-06-28 10:00,B0083,24.57,1.72,5.06,4.66,11.51,7.58,6.8,2.51,Critical Waste,6000,"BRIX, COLOR_a_b, pH, ACIDITY_pct, BLOTTER_TEST, SYNERESIS_pct, SALT_pct"
2025-06-28,11:00,Saturday,2025-06-28 11:00,B0084,28.69,2.13,5.0,4.28,5.58,2.23,3.36,2.0,Accept,0,
2025-06-28,12:00,Saturday,2025-06-28 12:00,B0085,28.48,2.07,3.14,4.25,5.74,2.52,4.74,1.87,Accept,0,
2025-06-28,13:00,Saturday,2025-06-28 13:00,B0086,28.27,2.26,4.3,4.23,6.07,3.42,3.4,2.02,Accept,0,
2025-06-28,14:00,Saturday,2025-06-28 14:00,B0087,28.01,2.13,3.79,4.23,6.59,2.8,5.18,1.99,Accept,0,
2025-06-28,15:00,Saturday,2025-06-28 15:00,B0088,28.85,2.01,4.38,4.28,6.81,2.06,3.29,1.96,Accept,0,
2025-06-28,16:00,Saturday,2025-06-28 16:00,B0089,27.94,1.92,5.99,4.32,8.15,4.62,6.54,2.27,Critical Waste,6000,"BRIX, ACIDITY_pct, SYNERESIS_pct"
2025-06-28,17:00,Saturday,2025-06-28 17:00,B0090,28.58,1.92,4.26,4.23,6.64,2.23,3.04,2.16,Accept,0,
2025-06-28,18:00,Saturday,2025-06-28 18:00,B0091,29.16,1.94,3.85,4.46,6.38,4.5,3.75,2.32,Correction,450,pH
2025-06-28,19:00,Saturday,2025-06-28 19:00,B0092,28.53,2.01,4.87,4.23,7.02,2.11,3.99,2.13,Accept,0,
2025-06-28,20:00,Saturday,2025-06-28 20:00,B0093,28.85,2.05,4.73,4.18,6.25,1.51,4.44,2.05,Accept,0,
2025-06-28,21:00,Saturday,2025-06-28 21:00,B0094,25.83,1.92,9.87,4.45,9.08,6.08,5.48,1.93,Critical Waste,6000,"BRIX, BOSTWICK_cm, ACIDITY_pct, BLOTTER_TEST"
2025-06-28,22:00,Saturday,2025-06-28 22:00,B0095,27.92,1.95,3.36,4.26,6.42,2.5,5.42,1.9,Correction,450,BRIX
2025-06-28,23:00,Saturday,2025-06-28 23:00,B0096,28.66,2.09,4.17,4.37,6.18,2.68,3.36,1.92,Accept,0,
2025-06-29,00:00,Sunday,2025-06-29 00:00,B0097,28.43,2.04,3.78,4.15,6.9,3.63,4.04,1.94,Accept,0,
2025-06-29,01:00,Sunday,2025-06-29 01:00,B0098,28.67,1.93,4.93,4.33,6.19,2.77,4.0,2.05,Accept,0,
2025-06-29,02:00,Sunday,2025-06-29 02:00,B0099,28.3,2.06,2.95,4.14,6.94,2.43,3.21,2.0,Accept,0,
2025-06-29,03:00,Sunday,2025-06-29 03:00,B0100,28.42,2.07,3.99,4.29,7.76,2.68,3.46,2.16,Accept,0,
2025-06-29,04:00,Sunday,2025-06-29 04:00,B0101,28.03,2.09,4.14,4.24,6.97,3.25,4.08,2.11,Accept,0,
2025-06-29,05:00,Sunday,2025-06-29 05:00,B0102,28.97,2.14,4.83,4.26,6.42,3.09,4.64,1.88,Accept,0,
2025-06-29,06:00,Sunday,2025-06-29 06:00,B0103,28.75,2.08,3.86,4.22,6.91,2.11,3.82,2.01,Accept,0,
2025-06-29,07:00,Sunday,2025-06-29 07:00,B0104,28.83,2.22,3.82,4.23,6.62,3.95,3.73,2.04,Accept,0,
2025-06-29,08:00,Sunday,2025-06-29 08:00,B0105,28.66,2.08,3.89,4.2,6.32,3.1,2.53,2.14,Accept,0,
2025-06-29,09:00,Sunday,2025-06-29 09:00,B0106,28.4,2.08,4.94,4.22,6.22,4.13,2.79,1.67,Accept,0,
2025-06-29,10:00,Sunday,2025-06-29 10:00,B0107,28.83,2.13,4.67,4.3,6.39,2.31,3.72,2.09,Accept,0,
2025-06-29,11:00,Sunday,2025-06-29 11:00,B0108,28.07,1.99,3.97,4.23,6.38,3.21,2.92,2.22,Accept,0,
2025-06-29,12:00,Sunday,2025-06-29 12:00,B0109,28.85,1.95,4.88,4.26,8.07,4.72,5.55,2.15,Correction,450,ACIDITY_pct
2025-06-29,13:00,Sunday,2025-06-29 13:00,B0110,28.67,2.11,3.95,4.31,6.16,4.08,3.77,1.79,Accept,0,
2025-06-29,14:00,Sunday,2025-06-29 14:00,B0111,28.04,2.1,3.62,4.28,6.36,2.98,3.68,1.9,Accept,0,
2025-06-29,15:00,Sunday,2025-06-29 15:00,B0112,28.05,2.11,4.47,4.25,6.02,2.97,3.8,1.83,Accept,0,
2025-06-29,16:00,Sunday,2025-06-29 16:00,B0113,28.78,2.19,3.47,4.22,6.37,2.95,3.67,1.89,Accept,0,
2025-06-29,17:00,Sunday,2025-06-29 17:00,B0114,29.23,2.1,3.66,4.25,7.2,3.55,3.84,1.9,Accept,0,
2025-06-29,18:00,Sunday,2025-06-29 18:00,B0115,28.74,2.1,3.65,4.29,6.56,3.57,3.66,2.2,Accept,0,
2025-06-29,19:00,Sunday,2025-06-29 19:00,B0116,29.21,2.07,3.61,4.19,6.34,3.25,4.17,1.91,Accept,0,
2025-06-29,20:00,Sunday,2025-06-29 20:00,B0117,29.64,2.04,3.44,4.27,5.94,3.34,3.45,2.03,Accept,0,
2025-06-29,21:00,Sunday,2025-06-29 21:00,B0118,28.51,1.92,4.24,4.26,6.26,3.94,2.94,1.78,Accept,0,
2025-06-29,22:00,Sunday,2025-06-29 22:00,B0119,24.16,2.0,7.34,4.91,7.87,5.64,8.7,2.37,Critical Waste,6000,"BRIX, BOSTWICK_cm, pH, BLOTTER_TEST, SYNERESIS_pct"
2025-06-29,23:00,Sunday,2025-06-29 23:00,B0120,29.12,2.16,3.62,4.24,6.75,3.16,3.41,1.9,Accept,0,
2025-06-30,00:00,Monday,2025-06-30 00:00,B0121,26.99,1.66,5.02,4.54,9.34,8.09,4.15,2.39,Critical Waste,6000,"BRIX, COLOR_a_b, pH, ACIDITY_pct, BLOTTER_TEST"
2025-06-30,01:00,Monday,2025-06-30 01:00,B0122,28.47,1.96,3.22,4.29,6.27,3.21,3.77,2.07,Accept,0,
2025-06-30,02:00,Monday,2025-06-30 02:00,B0123,27.87,2.07,3.84,4.29,6.82,2.16,3.21,2.08,Correction,450,BRIX
2025-06-30,03:00,Monday,2025-06-30 03:00,B0124,28.49,2.22,4.23,4.25,7.02,3.14,3.62,1.97,Accept,0,
2025-06-30,04:00,Monday,2025-06-30 04:00,B0125,28.62,1.99,3.92,4.16,6.41,3.27,3.39,2.0,Accept,0,
2025-06-30,05:00,Monday,2025-06-30 05:00,B0126,28.92,2.08,4.6,4.05,7.54,2.92,4.58,1.84,Correction,450,pH
2025-06-30,06:00,Monday,2025-06-30 06:00,B0127,28.7,2.0,4.64,4.21,6.77,2.45,3.78,2.3,Accept,0,
2025-06-30,07:00,Monday,2025-06-30 07:00,B0128,28.67,2.13,4.66,4.29,6.82,2.31,4.94,1.83,Accept,0,
2025-06-30,08:00,Monday,2025-06-30 08:00,B0129,28.95,2.03,4.2,4.31,6.78,3.21,2.62,1.86,Accept,0,
2025-06-30,09:00,Monday,2025-06-30 09:00,B0130,28.81,2.11,3.82,4.3,6.42,3.08,3.68,2.0,Accept,0,
2025-06-30,10:00,Monday,2025-06-30 10:00,B0131,28.15,1.92,3.47,4.31,5.72,2.82,2.89,1.91,Accept,0,
2025-06-30,11:00,Monday,2025-06-30 11:00,B0132,29.17,2.13,3.59,4.36,6.99,2.81,2.05,2.34,Accept,0,
2025-06-30,12:00,Monday,2025-06-30 12:00,B0133,28.2,1.93,4.87,4.11,7.66,3.44,4.28,2.09,Accept,0,
2025-06-30,13:00,Monday,2025-06-30 13:00,B0134,28.87,2.07,4.06,4.22,6.12,2.83,2.61,1.99,Accept,0,
2025-06-30,14:00,Monday,2025-06-30 14:00,B0135,28.94,2.0,2.85,4.24,7.26,3.46,3.38,1.76,Accept,0,
2025-06-30,15:00,Monday,2025-06-30 15:00,B0136,28.79,1.97,4.06,4.14,6.2,3.19,2.68,2.07,Accept,0,
2025-06-30,16:00,Monday,2025-06-30 16:00,B0137,29.3,1.94,3.69,4.31,7.88,4.14,6.45,2.1,Correction,450,SYNERESIS_pct
2025-06-30,17:00,Monday,2025-06-30 17:00,B0138,28.25,1.85,2.54,4.61,6.5,3.31,4.14,2.22,Critical Waste,6000,pH
2025-06-30,18:00,Monday,2025-06-30 18:00,B0139,29.24,1.98,4.14,4.17,7.61,2.26,4.17,1.89,Accept,0,
2025-06-30,19:00,Monday,2025-06-30 19:00,B0140,28.51,1.93,4.56,4.27,8.27,6.21,4.33,1.66,Correction,450,"ACIDITY_pct, BLOTTER_TEST"
2025-06-30,20:00,Monday,2025-06-30 20:00,B0141,28.71,2.05,4.25,4.17,5.78,1.85,4.48,2.17,Accept,0,
2025-06-30,21:00,Monday,2025-06-30 21:00,B0142,27.35,1.94,6.93,4.51,8.92,4.98,6.53,1.81,Critical Waste,6000,"BRIX, BOSTWICK_cm, pH, ACIDITY_pct, SYNERESIS_pct"
2025-06-30,22:00,Monday,2025-06-30 22:00,B0143,28.33,2.05,3.63,4.26,7.02,3.07,4.12,2.32,Accept,0,
2025-06-30,23:00,Monday,2025-06-30 23:00,B0144,29.03,1.95,5.0,4.25,6.15,2.97,4.19,2.01,Accept,0,
2025-07-01,00:00,Tuesday,2025-07-01 00:00,B0145,28.25,2.1,3.45,4.22,7.29,2.82,4.72,1.82,Accept,0,
2025-07-01,01:00,Tuesday,2025-07-01 01:00,B0146,28.22,2.02,4.73,4.23,7.66,3.24,3.93,1.95,Accept,0,
2025-07-01,02:00,Tuesday,2025-07-01 02:00,B0147,28.78,2.1,3.36,4.17,6.15,2.86,3.86,2.11,Accept,0,
2025-07-01,03:00,Tuesday,2025-07-01 03:00,B0148,28.21,1.88,4.23,4.37,6.5,3.5,3.86,1.99,Accept,0,
2025-07-01,04:00,Tuesday,2025-07-01 04:00,B0149,28.8,2.1,3.7,4.21,5.91,2.79,3.07,2.2,Accept,0,
2025-07-01,05:00,Tuesday,2025-07-01 05:00,B0150,28.13,1.77,7.46,4.71,10.89,7.34,7.52,1.78,Critical Waste,6000,"COLOR_a_b, BOSTWICK_cm, pH, ACIDITY_pct, BLOTTER_TEST, SYNERESIS_pct"
2025-07-01,06:00,Tuesday,2025-07-01 06:00,B0151,28.47,1.97,4.3,4.22,5.6,2.61,1.78,2.04,Accept,0,
2025-07-01,07:00,Tuesday,2025-07-01 07:00,B0152,28.18,2.1,4.92,4.29,6.39,3.89,3.9,1.95,Accept,0,
2025-07-01,08:00,Tuesday,2025-07-01 08:00,B0153,25.65,1.64,6.95,4.41,9.8,5.56,7.52,2.01,Critical Waste,6000,"BRIX, COLOR_a_b, BOSTWICK_cm, ACIDITY_pct, BLOTTER_TEST, SYNERESIS_pct"
2025-07-01,09:00,Tuesday,2025-07-01 09:00,B0154,27.16,1.88,8.92,4.25,6.95,7.9,5.45,2.21,Critical Waste,6000,"BRIX, BOSTWICK_cm, BLOTTER_TEST"
2025-07-01,10:00,Tuesday,2025-07-01 10:00,B0155,29.02,2.02,4.53,4.27,6.49,2.9,3.53,2.0,Accept,0,
2025-07-01,11:00,Tuesday,2025-07-01 11:00,B0156,28.41,2.08,3.11,4.23,6.49,3.35,3.88,1.85,Accept,0,
2025-07-01,12:00,Tuesday,2025-07-01 12:00,B0157,28.18,2.05,4.7,4.17,5.35,2.73,3.19,1.66,Accept,0,
2025-07-01,13:00,Tuesday,2025-07-01 13:00,B0158,28.37,2.13,3.64,4.33,6.84,2.71,5.31,1.91,Accept,0,
2025-07-01,14:00,Tuesday,2025-07-01 14:00,B0159,28.7,2.11,3.62,4.23,5.9,3.04,3.86,2.26,Accept,0,
2025-07-01,15:00,Tuesday,2025-07-01 15:00,B0160,28.47,2.06,3.19,4.16,7.1,2.61,3.07,2.08,Accept,0,
2025-07-01,16:00,Tuesday,2025-07-01 16:00,B0161,28.7,1.99,3.53,4.27,6.8,3.79,2.92,1.92,Accept,0,
2025-07-01,17:00,Tuesday,2025-07-01 17:00,B0162,29.06,2.09,4.27,4.35,6.18,3.56,3.84,2.04,Accept,0,
2025-07-01,18:00,Tuesday,2025-07-01 18:00,B0163,28.86,2.1,3.49,4.24,6.78,2.87,3.38,1.81,Accept,0,
2025-07-01,19:00,Tuesday,2025-07-01 19:00,B0164,29.32,1.96,3.87,4.2,6.65,3.49,4.4,1.91,Accept,0,
2025-07-01,20:00,Tuesday,2025-07-01 20:00,B0165,29.02,1.83,6.2,4.27,8.21,4.73,3.75,2.13,Critical Waste,6000,"COLOR_a_b, BOSTWICK_cm, ACIDITY_pct"
2025-07-01,21:00,Tuesday,2025-07-01 21:00,B0166,28.74,2.0,3.68,4.26,7.12,3.01,4.02,2.26,Accept,0,
2025-07-01,22:00,Tuesday,2025-07-01 22:00,B0167,27.94,2.06,5.09,4.26,6.66,3.54,3.36,2.07,Correction,450,BRIX
2025-07-01,23:00,Tuesday,2025-07-01 23:00,B0168,28.53,1.98,3.65,4.26,7.33,3.24,2.96,2.07,Accept,0,
2025-07-02,00:00,Wednesday,2025-07-02 00:00,B0169,28.7,2.17,3.13,4.15,6.27,2.51,3.23,1.69,Accept,0,
2025-07-02,01:00,Wednesday,2025-07-02 01:00,B0170,28.68,2.12,3.15,4.11,5.74,3.76,3.41,2.38,Accept,0,
2025-07-02,02:00,Wednesday,2025-07-02 02:00,B0171,28.64,1.99,5.12,4.33,7.32,3.57,3.36,2.12,Accept,0,
2025-07-02,03:00,Wednesday,2025-07-02 03:00,B0172,28.31,2.05,3.9,4.19,6.85,3.57,3.86,2.22,Accept,0,
2025-07-02,04:00,Wednesday,2025-07-02 04:00,B0173,28.45,1.98,3.49,4.21,6.74,2.18,3.93,2.09,Accept,0,
2025-07-02,05:00,Wednesday,2025-07-02 05:00,B0174,29.03,2.1,3.86,4.16,6.31,3.65,5.12,2.23,Accept,0,
2025-07-02,06:00,Wednesday,2025-07-02 06:00,B0175,28.11,1.96,3.68,4.27,5.55,3.1,4.52,1.97,Accept,0,
2025-07-02,07:00,Wednesday,2025-07-02 07:00,B0176,28.78,2.01,3.3,4.05,6.49,4.06,4.96,1.93,Correction,450,pH
2025-07-02,08:00,Wednesday,2025-07-02 08:00,B0177,28.72,1.96,4.24,4.19,6.68,3.07,3.12,1.87,Accept,0,
2025-07-02,09:00,Wednesday,2025-07-02 09:00,B0178,28.52,2.08,4.55,4.17,7.25,2.84,3.79,1.89,Accept,0,
2025-07-02,10:00,Wednesday,2025-07-02 10:00,B0179,28.64,1.96,2.94,4.16,6.62,3.05,4.29,2.01,Accept,0,
2025-07-02,11:00,Wednesday,2025-07-02 11:00,B0180,28.05,2.01,4.48,4.14,6.65,2.19,4.13,1.99,Accept,0,
2025-07-02,12:00,Wednesday,2025-07-02 12:00,B0181,28.32,2.02,3.74,4.19,6.82,2.73,4.51,2.4,Accept,0,
2025-07-02,13:00,Wednesday,2025-07-02 13:00,B0182,28.75,2.11,4.11,4.2,6.09,3.05,3.05,1.56,Accept,0,
2025-07-02,14:00,Wednesday,2025-07-02 14:00,B0183,28.44,2.21,5.06,4.16,6.14,3.04,4.78,2.01,Accept,0,
2025-07-02,15:00,Wednesday,2025-07-02 15:00,B0184,28.37,1.99,3.71,4.16,6.56,3.97,4.03,1.96,Accept,0,
2025-07-02,16:00,Wednesday,2025-07-02 16:00,B0185,28.42,2.03,4.94,4.29,7.45,3.26,5.1,2.22,Accept,0,
2025-07-02,17:00,Wednesday,2025-07-02 17:00,B0186,28.7,1.99,3.74,4.29,6.56,2.14,4.44,1.9,Accept,0,
2025-07-02,18:00,Wednesday,2025-07-02 18:00,B0187,29.02,2.09,4.46,4.21,5.89,3.07,4.49,2.1,Accept,0,
2025-07-02,19:00,Wednesday,2025-07-02 19:00,B0188,28.48,2.02,3.43,4.25,7.53,2.36,3.82,2.21,Accept,0,
2025-07-02,20:00,Wednesday,2025-07-02 20:00,B0189,28.73,1.94,6.11,4.56,6.55,3.74,5.04,1.93,Critical Waste,6000,"BOSTWICK_cm, pH"
2025-07-02,21:00,Wednesday,2025-07-02 21:00,B0190,28.8,2.08,4.12,4.2,6.67,2.82,3.92,2.2,Accept,0,
2025-07-02,22:00,Wednesday,2025-07-02 22:00,B0191,28.49,1.89,3.9,4.3,6.45,1.66,3.45,2.15,Accept,0,
2025-07-02,23:00,Wednesday,2025-07-02 23:00,B0192,28.89,2.09,3.86,4.2,6.3,2.45,4.93,1.95,Accept,0,
2025-07-03,00:00,Thursday,2025-07-03 00:00,B0193,28.07,2.15,3.94,4.29,6.52,3.08,4.06,1.88,Accept,0,
2025-07-03,01:00,Thursday,2025-07-03 01:00,B0194,28.44,2.07,4.17,4.2,6.79,2.72,4.41,1.8,Accept,0,
2025-07-03,02:00,Thursday,2025-07-03 02:00,B0195,27.92,2.06,4.62,4.14,6.86,3.4,2.95,2.13,Correction,450,BRIX
2025-07-03,03:00,Thursday,2025-07-03 03:00,B0196,28.94,2.23,4.31,4.12,8.39,3.88,2.39,2.21,Correction,450,ACIDITY_pct
2025-07-03,04:00,Thursday,2025-07-03 04:00,B0197,26.22,1.56,7.17,4.63,9.06,7.63,7.79,2.43,Critical Waste,6000,"BRIX, COLOR_a_b, BOSTWICK_cm, pH, ACIDITY_pct, BLOTTER_TEST, SYNERESIS_pct"
2025-07-03,05:00,Thursday,2025-07-03 05:00,B0198,28.27,2.14,3.68,4.27,6.68,4.1,3.64,1.95,Accept,0,
2025-07-03,06:00,Thursday,2025-07-03 06:00,B0199,27.94,2.03,3.04,4.27,7.03,2.48,4.1,2.13,Correction,450,BRIX
2025-07-03,07:00,Thursday,2025-07-03 07:00,B0200,28.56,2.04,4.04,4.29,6.04,3.14,4.48,2.08,Accept,0,
2025-07-03,08:00,Thursday,2025-07-03 08:00,B0201,28.93,2.35,1.97,4.18,8.68,3.65,6.06,2.06,Critical Waste,6000,"BOSTWICK_cm, ACIDITY_pct, SYNERESIS_pct"
2025-07-03,09:00,Thursday,2025-07-03 09:00,B0202,29.16,2.16,4.98,4.26,6.54,2.04,3.63,1.87,Accept,0,
2025-07-03,10:00,Thursday,2025-07-03 10:00,B0203,28.75,2.06,4.89,4.26,7.65,3.06,3.73,1.97,Accept,0,
2025-07-03,11:00,Thursday,2025-07-03 11:00,B0204,28.39,2.05,3.74,4.18,5.8,2.95,2.75,2.11,Accept,0,
2025-07-03,12:00,Thursday,2025-07-03 12:00,B0205,28.53,2.05,4.65,4.19,6.74,4.64,4.06,1.97,Accept,0,
2025-07-03,13:00,Thursday,2025-07-03 13:00,B0206,28.67,1.99,3.81,4.17,7.04,3.01,5.13,1.99,Accept,0,
2025-07-03,14:00,Thursday,2025-07-03 14:00,B0207,25.9,1.6,5.43,4.18,10.33,6.23,8.66,2.91,Critical Waste,6000,"BRIX, COLOR_a_b, ACIDITY_pct, BLOTTER_TEST, SYNERESIS_pct, SALT_pct"
2025-07-03,15:00,Thursday,2025-07-03 15:00,B0208,28.43,2.06,4.97,4.27,6.37,2.47,2.29,1.89,Accept,0,
2025-07-03,16:00,Thursday,2025-07-03 16:00,B0209,29.13,2.01,4.31,4.21,7.11,3.69,4.62,1.74,Accept,0,
2025-07-03,17:00,Thursday,2025-07-03 17:00,B0210,28.85,2.07,4.57,4.24,6.19,3.22,3.0,2.02,Accept,0,
2025-07-03,18:00,Thursday,2025-07-03 18:00,B0211,28.01,2.0,5.61,4.19,5.52,3.44,4.4,2.19,Accept,0,
2025-07-03,19:00,Thursday,2025-07-03 19:00,B0212,28.37,2.19,3.28,4.28,7.0,2.6,4.77,1.96,Accept,0,
2025-07-03,20:00,Thursday,2025-07-03 20:00,B0213,27.96,1.99,2.9,4.29,7.29,3.47,3.11,2.22,Correction,450,BRIX
2025-07-03,21:00,Thursday,2025-07-03 21:00,B0214,28.21,2.03,3.82,4.27,7.16,3.84,3.41,1.97,Accept,0,
2025-07-03,22:00,Thursday,2025-07-03 22:00,B0215,28.99,1.96,3.02,4.3,7.45,2.72,3.77,1.83,Accept,0,
2025-07-03,23:00,Thursday,2025-07-03 23:00,B0216,28.79,2.05,3.74,4.21,6.46,2.78,3.62,2.24,Accept,0,
2025-07-04,00:00,Friday,2025-07-04 00:00,B0217,28.57,2.07,4.14,4.27,5.73,2.11,4.17,1.69,Accept,0,
2025-07-04,01:00,Friday,2025-07-04 01:00,B0218,29.21,2.23,4.38,4.25,5.6,2.67,3.25,1.91,Accept,0,
2025-07-04,02:00,Friday,2025-07-04 02:00,B0219,28.16,1.98,4.04,4.25,6.98,1.91,3.68,1.83,Accept,0,
2025-07-04,03:00,Friday,2025-07-04 03:00,B0220,27.71,2.03,4.66,4.34,5.89,3.3,3.47,1.98,Correction,450,BRIX
2025-07-04,04:00,Friday,2025-07-04 04:00,B0221,28.07,2.07,4.16,4.33,6.32,3.17,3.33,2.13,Accept,0,
2025-07-04,05:00,Friday,2025-07-04 05:00,B0222,28.79,1.95,6.08,4.29,6.08,5.26,3.91,1.84,Correction,450,"BOSTWICK_cm, BLOTTER_TEST"
2025-07-04,06:00,Friday,2025-07-04 06:00,B0223,28.68,1.86,5.63,4.2,7.1,2.8,4.09,2.22,Accept,0,
2025-07-04,07:00,Friday,2025-07-04 07:00,B0224,28.5,1.93,4.23,4.5,7.97,1.06,5.79,2.05,Correction,450,pH
2025-07-04,08:00,Friday,2025-07-04 08:00,B0225,29.28,2.03,4.57,4.29,6.3,2.55,4.6,1.92,Accept,0,
2025-07-04,09:00,Friday,2025-07-04 09:00,B0226,28.93,2.09,4.44,4.25,6.18,3.26,4.36,2.11,Accept,0,
2025-07-04,10:00,Friday,2025-07-04 10:00,B0227,28.8,2.09,3.54,4.23,6.09,2.99,2.65,1.76,Accept,0,
2025-07-04,11:00,Friday,2025-07-04 11:00,B0228,28.32,2.03,2.86,4.23,6.5,2.51,4.26,2.14,Accept,0,
2025-07-04,12:00,Friday,2025-07-04 12:00,B0229,28.54,1.99,3.4,4.17,6.94,2.62,3.69,2.11,Accept,0,
2025-07-04,13:00,Friday,2025-07-04 13:00,B0230,28.47,1.65,5.39,4.08,7.55,4.28,6.63,1.67,Critical Waste,6000,"COLOR_a_b, pH, SYNERESIS_pct"
2025-07-04,14:00,Friday,2025-07-04 14:00,B0231,28.6,2.13,5.31,4.14,6.18,3.11,3.03,2.12,Accept,0,
2025-07-04,15:00,Friday,2025-07-04 15:00,B0232,28.77,2.09,4.64,4.39,6.7,2.69,3.78,1.73,Accept,0,
2025-07-04,16:00,Friday,2025-07-04 16:00,B0233,28.72,1.97,3.62,4.22,6.98,2.38,3.2,2.17,Accept,0,
2025-07-04,17:00,Friday,2025-07-04 17:00,B0234,28.13,1.98,3.71,4.27,6.63,3.12,4.4,1.98,Accept,0,
2025-07-04,18:00,Friday,2025-07-04 18:00,B0235,28.58,2.21,4.94,4.14,6.76,2.51,3.93,2.01,Accept,0,
2025-07-04,19:00,Friday,2025-07-04 19:00,B0236,28.63,2.07,3.63,4.2,6.81,3.72,3.7,1.93,Accept,0,
2025-07-04,20:00,Friday,2025-07-04 20:00,B0237,27.18,1.95,2.48,4.26,6.38,2.58,6.48,1.92,Critical Waste,6000,"BRIX, SYNERESIS_pct"
2025-07-04,21:00,Friday,2025-07-04 21:00,B0238,28.91,1.78,5.95,4.29,8.04,2.93,3.14,2.2,Correction,450,"COLOR_a_b, ACIDITY_pct"
2025-07-04,22:00,Friday,2025-07-04 22:00,B0239,29.05,2.11,4.65,4.14,7.27,2.54,3.93,1.98,Accept,0,
2025-07-04,23:00,Friday,2025-07-04 23:00,B0240,28.41,2.04,4.02,4.16,6.87,2.69,3.64,1.85,Accept,0,
2025-07-05,00:00,Saturday,2025-07-05 00:00,B0241,28.87,1.86,3.95,4.22,6.77,2.97,5.21,2.03,Accept,0,
2025-07-05,01:00,Saturday,2025-07-05 01:00,B0242,28.85,2.11,4.26,4.22,6.84,3.36,3.55,1.91,Accept,0,
2025-07-05,02:00,Saturday,2025-07-05 02:00,B0243,28.94,1.99,2.7,4.24,6.99,2.19,4.27,2.1,Accept,0,
2025-07-05,03:00,Saturday,2025-07-05 03:00,B0244,28.04,1.98,3.94,4.12,6.41,4.0,3.81,2.03,Accept,0,
2025-07-05,04:00,Saturday,2025-07-05 04:00,B0245,28.5,1.85,3.57,4.19,7.77,3.01,5.47,2.35,Accept,0,
2025-07-05,05:00,Saturday,2025-07-05 05:00,B0246,28.77,2.14,4.95,4.16,6.09,2.25,3.64,2.07,Accept,0,
2025-07-05,06:00,Saturday,2025-07-05 06:00,B0247,28.72,2.1,3.35,4.21,6.52,3.35,3.8,1.76,Accept,0,
2025-07-05,07:00,Saturday,2025-07-05 07:00,B0248,28.53,2.02,3.89,4.3,5.39,3.92,2.8,1.96,Accept,0,
2025-07-05,08:00,Saturday,2025-07-05 08:00,B0249,28.76,2.08,4.03,4.24,6.29,2.03,3.3,2.02,Accept,0,
2025-07-05,09:00,Saturday,2025-07-05 09:00,B0250,28.75,2.05,3.62,4.25,7.4,2.89,4.3,1.81,Accept,0,
2025-07-05,10:00,Saturday,2025-07-05 10:00,B0251,28.68,1.95,4.0,4.31,6.81,2.88,4.24,1.81,Accept,0,
2025-07-05,11:00,Saturday,2025-07-05 11:00,B0252,28.91,2.01,3.72,4.24,6.28,2.96,5.27,1.96,Accept,0,
2025-07-05,12:00,Saturday,2025-07-05 12:00,B0253,28.33,1.92,3.19,4.12,6.62,3.09,3.87,2.09,Accept,0,
2025-07-05,13:00,Saturday,2025-07-05 13:00,B0254,28.36,2.11,2.82,4.27,5.89,3.44,3.81,1.86,Accept,0,
2025-07-05,14:00,Saturday,2025-07-05 14:00,B0255,28.67,2.03,3.08,4.34,6.77,4.58,3.24,2.14,Accept,0,
2025-07-05,15:00,Saturday,2025-07-05 15:00,B0256,28.53,2.12,3.92,4.31,5.77,2.99,2.92,2.05,Accept,0,
2025-07-05,16:00,Saturday,2025-07-05 16:00,B0257,28.47,2.09,4.01,4.26,7.13,2.78,3.47,2.14,Accept,0,
2025-07-05,17:00,Saturday,2025-07-05 17:00,B0258,28.84,2.15,2.93,4.24,6.25,2.95,4.04,1.93,Accept,0,
2025-07-05,18:00,Saturday,2025-07-05 18:00,B0259,28.84,1.85,3.56,4.16,5.99,2.55,4.65,2.12,Accept,0,
2025-07-05,19:00,Saturday,2025-07-05 19:00,B0260,28.0,2.0,4.72,4.16,6.27,3.28,4.35,1.96,Accept,0,
2025-07-05,20:00,Saturday,2025-07-05 20:00,B0261,29.11,1.91,3.64,4.23,7.4,3.23,4.14,1.91,Accept,0,
2025-07-05,21:00,Saturday,2025-07-05 21:00,B0262,28.83,1.93,4.63,4.16,6.31,3.15,5.2,2.47,Accept,0,
2025-07-05,22:00,Saturday,2025-07-05 22:00,B0263,28.98,2.13,4.49,4.22,7.04,3.55,3.5,2.1,Accept,0,
2025-07-05,23:00,Saturday,2025-07-05 23:00,B0264,28.4,1.96,4.26,4.27,6.73,4.0,3.8,2.1,Accept,0,
2025-07-06,00:00,Sunday,2025-07-06 00:00,B0265,28.76,2.01,3.57,4.31,6.47,3.27,4.34,1.85,Accept,0,
2025-07-06,01:00,Sunday,2025-07-06 01:00,B0266,28.78,2.05,4.0,4.18,6.85,3.25,4.14,1.92,Accept,0,
2025-07-06,02:00,Sunday,2025-07-06 02:00,B0267,28.25,2.03,3.33,4.16,6.69,3.49,3.35,2.12,Accept,0,
2025-07-06,03:00,Sunday,2025-07-06 03:00,B0268,29.02,2.07,3.78,4.23,5.61,3.25,3.08,1.8,Accept,0,
2025-07-06,04:00,Sunday,2025-07-06 04:00,B0269,29.03,1.98,3.59,4.21,6.15,3.56,5.07,1.9,Accept,0,
2025-07-06,05:00,Sunday,2025-07-06 05:00,B0270,28.55,2.01,4.1,4.25,7.06,3.87,3.55,1.8,Accept,0,
2025-07-06,06:00,Sunday,2025-07-06 06:00,B0271,28.5,2.01,3.7,4.12,5.84,3.05,4.86,1.91,Accept,0,
2025-07-06,07:00,Sunday,2025-07-06 07:00,B0272,27.95,1.98,3.1,4.18,6.46,2.13,3.15,1.85,Correction,450,BRIX
2025-07-06,08:00,Sunday,2025-07-06 08:00,B0273,28.63,2.08,3.95,4.23,6.6,2.51,4.85,2.19,Accept,0,
2025-07-06,09:00,Sunday,2025-07-06 09:00,B0274,28.88,1.96,4.49,4.31,5.94,2.45,4.51,2.04,Accept,0,
2025-07-06,10:00,Sunday,2025-07-06 10:00,B0275,28.49,1.99,6.83,4.43,6.81,5.7,5.05,1.94,Correction,450,"BOSTWICK_cm, BLOTTER_TEST"
2025-07-06,11:00,Sunday,2025-07-06 11:00,B0276,28.8,2.05,4.67,4.2,6.78,2.39,3.78,1.97,Accept,0,
2025-07-06,12:00,Sunday,2025-07-06 12:00,B0277,28.71,2.07,3.04,4.19,7.34,2.7,3.81,1.99,Accept,0,
2025-07-06,13:00,Sunday,2025-07-06 13:00,B0278,28.15,2.11,3.7,4.24,6.65,2.86,3.25,1.9,Accept,0,
2025-07-06,14:00,Sunday,2025-07-06 14:00,B0279,29.2,2.03,4.97,4.28,6.7,3.27,2.82,2.03,Accept,0,
2025-07-06,15:00,Sunday,2025-07-06 15:00,B0280,28.9,2.12,3.54,4.22,6.84,2.87,4.55,2.35,Accept,0,
2025-07-06,16:00,Sunday,2025-07-06 16:00,B0281,28.88,2.03,4.66,4.26,7.57,2.55,4.38,1.85,Accept,0,
2025-07-06,17:00,Sunday,2025-07-06 17:00,B0282,29.3,1.99,3.67,4.27,6.31,2.97,3.82,1.71,Accept,0,
2025-07-06,18:00,Sunday,2025-07-06 18:00,B0283,28.88,2.05,4.15,4.2,7.37,2.39,3.31,1.93,Accept,0,
2025-07-06,19:00,Sunday,2025-07-06 19:00,B0284,28.88,2.08,4.34,4.28,6.33,2.63,3.04,1.88,Accept,0,
2025-07-06,20:00,Sunday,2025-07-06 20:00,B0285,27.85,2.09,4.63,4.19,6.17,3.6,3.0,1.8,Correction,450,BRIX
2025-07-06,21:00,Sunday,2025-07-06 21:00,B0286,28.52,1.98,4.11,4.4,6.68,2.81,4.45,2.07,Accept,0,
2025-07-06,22:00,Sunday,2025-07-06 22:00,B0287,28.41,2.19,2.96,4.36,6.71,4.53,3.76,2.19,Accept,0,
2025-07-06,23:00,Sunday,2025-07-06 23:00,B0288,28.94,2.12,3.25,4.22,6.15,2.24,3.65,1.95,Accept,0,
2025-07-07,00:00,Monday,2025-07-07 00:00,B0289,28.1,2.1,3.91,4.18,6.13,2.58,3.88,2.07,Accept,0,
2025-07-07,01:00,Monday,2025-07-07 01:00,B0290,28.04,1.9,5.12,4.24,6.07,3.32,1.95,2.0,Accept,0,
2025-07-07,02:00,Monday,2025-07-07 02:00,B0291,28.87,2.28,4.85,4.13,7.23,3.21,5.52,1.8,Accept,0,
2025-07-07,03:00,Monday,2025-07-07 03:00,B0292,28.9,2.03,4.02,4.13,6.35,2.97,5.63,1.83,Accept,0,
2025-07-07,04:00,Monday,2025-07-07 04:00,B0293,28.22,2.12,4.75,4.23,6.68,3.2,2.34,1.97,Accept,0,
2025-07-07,05:00,Monday,2025-07-07 05:00,B0294,28.14,2.03,3.52,4.22,7.12,2.73,3.77,2.01,Accept,0,
2025-07-07,06:00,Monday,2025-07-07 06:00,B0295,28.5,2.13,4.3,4.22,6.6,2.66,3.66,1.9,Accept,0,
2025-07-07,07:00,Monday,2025-07-07 07:00,B0296,27.94,2.1,3.62,4.15,6.19,2.89,3.38,1.67,Correction,450,BRIX
2025-07-07,08:00,Monday,2025-07-07 08:00,B0297,29.05,2.13,3.87,4.35,6.63,3.91,4.78,2.06,Accept,0,
2025-07-07,09:00,Monday,2025-07-07 09:00,B0298,28.63,2.16,4.25,4.17,7.2,3.42,3.49,1.93,Accept,0,
2025-07-07,10:00,Monday,2025-07-07 10:00,B0299,28.78,1.98,5.26,4.56,8.13,4.31,7.24,2.28,Critical Waste,6000,"pH, ACIDITY_pct, SYNERESIS_pct"
2025-07-07,11:00,Monday,2025-07-07 11:00,B0300,29.23,2.03,3.49,4.18,5.96,2.53,3.54,1.79,Accept,0,
2025-07-07,12:00,Monday,2025-07-07 12:00,B0301,27.91,1.95,4.81,4.21,8.42,3.58,6.33,2.15,Critical Waste,6000,"BRIX, ACIDITY_pct, SYNERESIS_pct"
2025-07-07,13:00,Monday,2025-07-07 13:00,B0302,28.22,2.12,4.1,4.25,5.91,2.46,4.22,1.86,Accept,0,
2025-07-07,14:00,Monday,2025-07-07 14:00,B0303,28.07,2.1,4.63,4.25,6.86,3.46,3.14,2.22,Accept,0,
2025-07-07,15:00,Monday,2025-07-07 15:00,B0304,28.72,1.92,4.06,4.2,6.84,2.82,3.57,2.11,Accept,0,
2025-07-07,16:00,Monday,2025-07-07 16:00,B0305,28.37,2.05,3.51,4.32,8.43,3.19,5.44,2.08,Correction,450,ACIDITY_pct
2025-07-07,17:00,Monday,2025-07-07 17:00,B0306,24.97,1.66,7.44,4.52,9.83,8.65,9.12,1.78,Critical Waste,6000,"BRIX, COLOR_a_b, BOSTWICK_cm, pH, ACIDITY_pct, BLOTTER_TEST, SYNERESIS_pct"
2025-07-07,18:00,Monday,2025-07-07 18:00,B0307,29.07,2.1,4.64,4.34,6.98,3.2,4.94,2.26,Accept,0,
2025-07-07,19:00,Monday,2025-07-07 19:00,B0308,25.97,1.93,6.27,4.86,10.0,4.4,8.05,1.46,Critical Waste,6000,"BRIX, BOSTWICK_cm, pH, ACIDITY_pct, SYNERESIS_pct, SALT_pct"
2025-07-07,20:00,Monday,2025-07-07 20:00,B0309,28.99,2.09,4.42,4.32,6.47,2.61,4.63,2.18,Accept,0,
2025-07-07,21:00,Monday,2025-07-07 21:00,B0310,29.29,2.05,4.61,4.3,6.13,2.71,4.66,2.25,Accept,0,
2025-07-07,22:00,Monday,2025-07-07 22:00,B0311,28.46,2.2,4.57,4.25,6.76,3.8,4.39,2.07,Accept,0,
2025-07-07,23:00,Monday,2025-07-07 23:00,B0312,28.62,2.09,2.48,4.2,6.62,2.31,4.07,1.97,Accept,0,
2025-07-08,00:00,Tuesday,2025-07-08 00:00,B0313,27.99,2.14,3.52,4.21,6.97,3.16,4.03,2.12,Correction,450,BRIX
2025-07-08,01:00,Tuesday,2025-07-08 01:00,B0314,28.82,1.99,4.54,4.18,6.63,3.49,3.78,2.07,Accept,0,
2025-07-08,02:00,Tuesday,2025-07-08 02:00,B0315,28.54,2.01,4.21,4.24,6.17,2.89,3.34,1.89,Accept,0,
2025-07-08,03:00,Tuesday,2025-07-08 03:00,B0316,28.43,2.03,3.85,4.21,6.47,3.29,4.41,1.9,Accept,0,
2025-07-08,04:00,Tuesday,2025-07-08 04:00,B0317,28.24,1.99,3.77,4.19,7.18,2.32,3.53,2.05,Accept,0,
2025-07-08,05:00,Tuesday,2025-07-08 05:00,B0318,28.59,1.98,4.34,4.11,6.32,3.18,3.93,2.4,Accept,0,
2025-07-08,06:00,Tuesday,2025-07-08 06:00,B0319,28.1,2.11,3.49,4.22,5.56,2.76,2.97,1.65,Accept,0,
2025-07-08,07:00,Tuesday,2025-07-08 07:00,B0320,29.24,2.12,4.29,4.24,6.7,1.84,3.6,2.13,Accept,0,
2025-07-08,08:00,Tuesday,2025-07-08 08:00,B0321,29.2,2.04,2.01,4.13,6.29,3.62,3.61,2.16,Accept,0,
2025-07-08,09:00,Tuesday,2025-07-08 09:00,B0322,29.15,2.03,3.85,4.2,7.45,3.98,5.35,1.98,Accept,0,
2025-07-08,10:00,Tuesday,2025-07-08 10:00,B0323,27.87,2.12,3.46,4.24,5.85,3.17,3.16,1.89,Correction,450,BRIX
2025-07-08,11:00,Tuesday,2025-07-08 11:00,B0324,28.41,2.12,3.34,4.23,7.11,2.69,3.3,1.97,Accept,0,
2025-07-08,12:00,Tuesday,2025-07-08 12:00,B0325,28.74,2.09,4.31,4.16,6.16,2.59,3.55,2.08,Accept,0,
2025-07-08,13:00,Tuesday,2025-07-08 13:00,B0326,28.79,2.15,3.62,4.25,5.46,2.65,3.78,1.86,Accept,0,
2025-07-08,14:00,Tuesday,2025-07-08 14:00,B0327,28.27,1.84,4.4,4.46,8.77,3.79,4.95,1.7,Critical Waste,6000,"COLOR_a_b, pH, ACIDITY_pct"
2025-07-08,15:00,Tuesday,2025-07-08 15:00,B0328,28.42,2.16,3.77,4.24,6.57,1.72,4.34,2.03,Accept,0,
2025-07-08,16:00,Tuesday,2025-07-08 16:00,B0329,28.37,2.05,4.03,4.19,7.1,2.87,2.71,1.95,Accept,0,
2025-07-08,17:00,Tuesday,2025-07-08 17:00,B0330,28.4,2.08,3.09,4.27,6.29,2.32,3.48,2.19,Accept,0,
2025-07-08,18:00,Tuesday,2025-07-08 18:00,B0331,28.71,2.01,4.45,4.15,6.87,3.07,3.35,1.98,Accept,0,
2025-07-08,19:00,Tuesday,2025-07-08 19:00,B0332,28.63,2.15,3.57,4.26,6.4,2.96,3.86,2.04,Accept,0,
2025-07-08,20:00,Tuesday,2025-07-08 20:00,B0333,28.95,1.73,2.86,4.51,7.77,4.53,3.84,1.75,Critical Waste,6000,"COLOR_a_b, pH"
2025-07-08,21:00,Tuesday,2025-07-08 21:00,B0334,29.04,2.17,3.65,4.26,6.19,3.61,6.2,1.88,Correction,450,SYNERESIS_pct
2025-07-08,22:00,Tuesday,2025-07-08 22:00,B0335,28.37,1.78,2.97,4.35,7.46,4.48,3.02,2.0,Correction,450,COLOR_a_b
2025-07-08,23:00,Tuesday,2025-07-08 23:00,B0336,29.02,2.11,4.28,4.31,6.03,4.05,4.45,1.96,Accept,0,
2025-07-09,00:00,Wednesday,2025-07-09 00:00,B0337,28.46,2.04,2.95,4.47,7.1,3.51,4.0,1.53,Correction,450,pH
2025-07-09,01:00,Wednesday,2025-07-09 01:00,B0338,28.72,2.0,2.91,4.24,5.54,2.96,2.84,2.3,Accept,0,
2025-07-09,02:00,Wednesday,2025-07-09 02:00,B0339,28.64,1.97,3.83,4.26,6.93,3.75,5.14,2.12,Accept,0,
2025-07-09,03:00,Wednesday,2025-07-09 03:00,B0340,27.77,1.81,4.33,4.32,6.6,6.41,6.82,2.15,Critical Waste,6000,"BRIX, COLOR_a_b, BLOTTER_TEST, SYNERESIS_pct"
2025-07-09,04:00,Wednesday,2025-07-09 04:00,B0341,28.75,2.22,2.95,4.25,6.47,3.27,3.5,1.98,Accept,0,
2025-07-09,05:00,Wednesday,2025-07-09 05:00,B0342,28.46,2.2,4.33,4.14,6.74,2.07,4.56,1.93,Accept,0,
2025-07-09,06:00,Wednesday,2025-07-09 06:00,B0343,27.84,2.02,4.69,4.19,5.96,2.62,3.75,1.87,Correction,450,BRIX
2025-07-09,07:00,Wednesday,2025-07-09 07:00,B0344,28.44,2.09,4.72,4.19,6.29,3.69,2.49,1.94,Accept,0,
2025-07-09,08:00,Wednesday,2025-07-09 08:00,B0345,28.77,2.24,4.46,4.21,6.58,3.69,5.19,2.01,Accept,0,
2025-07-09,09:00,Wednesday,2025-07-09 09:00,B0346,28.48,2.06,3.42,4.21,6.81,3.09,3.39,2.03,Accept,0,
2025-07-09,10:00,Wednesday,2025-07-09 10:00,B0347,27.84,2.14,4.24,4.25,5.72,3.83,3.47,1.96,Correction,450,BRIX
2025-07-09,11:00,Wednesday,2025-07-09 11:00,B0348,29.21,1.98,3.67,4.23,5.9,2.76,4.02,1.95,Accept,0,
2025-07-09,12:00,Wednesday,2025-07-09 12:00,B0349,28.18,2.03,4.09,4.28,6.51,2.05,4.05,1.96,Accept,0,
2025-07-09,13:00,Wednesday,2025-07-09 13:00,B0350,28.71,2.05,2.72,4.61,7.66,5.63,4.12,2.45,Critical Waste,6000,"pH, BLOTTER_TEST"
2025-07-09,14:00,Wednesday,2025-07-09 14:00,B0351,28.5,2.07,4.09,4.3,6.38,3.7,4.31,1.97,Accept,0,
2025-07-09,15:00,Wednesday,2025-07-09 15:00,B0352,28.58,2.15,2.83,4.23,5.59,3.46,3.73,2.06,Accept,0,
2025-07-09,16:00,Wednesday,2025-07-09 16:00,B0353,29.06,1.96,4.81,4.19,6.54,2.8,4.7,2.16,Accept,0,
2025-07-09,17:00,Wednesday,2025-07-09 17:00,B0354,28.15,2.1,4.27,4.11,5.92,2.83,3.59,1.82,Accept,0,
2025-07-09,18:00,Wednesday,2025-07-09 18:00,B0355,28.31,2.03,3.32,4.24,6.31,2.7,3.38,1.98,Accept,0,
2025-07-09,19:00,Wednesday,2025-07-09 19:00,B0356,27.93,2.16,4.04,4.2,6.46,2.98,2.59,2.22,Correction,450,BRIX
2025-07-09,20:00,Wednesday,2025-07-09 20:00,B0357,23.9,1.75,5.97,4.74,9.26,7.67,6.55,2.33,Critical Waste,6000,"BRIX, COLOR_a_b, pH, ACIDITY_pct, BLOTTER_TEST, SYNERESIS_pct"
2025-07-09,21:00,Wednesday,2025-07-09 21:00,B0358,28.75,2.09,3.58,4.18,6.44,2.46,4.39,1.94,Accept,0,
2025-07-09,22:00,Wednesday,2025-07-09 22:00,B0359,28.84,1.99,3.99,4.18,5.53,2.59,4.27,1.64,Accept,0,
2025-07-09,23:00,Wednesday,2025-07-09 23:00,B0360,29.07,2.08,3.64,4.25,6.27,2.58,2.99,1.74,Accept,0,
2025-07-10,00:00,Thursday,2025-07-10 00:00,B0361,29.15,1.98,4.32,4.15,6.76,2.8,3.58,2.09,Accept,0,
2025-07-10,01:00,Thursday,2025-07-10 01:00,B0362,28.09,2.01,4.59,4.25,6.99,3.31,3.03,1.95,Accept,0,
2025-07-10,02:00,Thursday,2025-07-10 02:00,B0363,29.09,1.96,3.77,4.21,6.8,3.67,4.54,2.03,Accept,0,
2025-07-10,03:00,Thursday,2025-07-10 03:00,B0364,29.4,2.0,3.08,4.11,6.86,1.87,3.54,2.07,Accept,0,
2025-07-10,04:00,Thursday,2025-07-10 04:00,B0365,29.06,2.03,6.56,4.35,8.03,3.28,5.7,1.9,Correction,450,"BOSTWICK_cm, ACIDITY_pct"
2025-07-10,05:00,Thursday,2025-07-10 05:00,B0366,28.92,2.09,4.71,4.15,7.33,3.91,4.31,2.27,Accept,0,
2025-07-10,06:00,Thursday,2025-07-10 06:00,B0367,28.92,1.99,4.44,4.16,6.81,2.21,3.23,2.11,Accept,0,
2025-07-10,07:00,Thursday,2025-07-10 07:00,B0368,28.7,1.97,3.49,4.29,6.89,2.98,3.51,1.7,Accept,0,
2025-07-10,08:00,Thursday,2025-07-10 08:00,B0369,28.54,2.02,4.05,4.2,7.22,1.68,3.42,1.87,Accept,0,
2025-07-10,09:00,Thursday,2025-07-10 09:00,B0370,28.66,2.13,4.01,4.39,5.67,3.64,3.68,2.12,Accept,0,
2025-07-10,10:00,Thursday,2025-07-10 10:00,B0371,28.25,2.13,5.14,4.23,6.56,3.09,4.63,2.17,Accept,0,
2025-07-10,11:00,Thursday,2025-07-10 11:00,B0372,28.16,1.84,6.16,4.56,7.31,4.05,3.91,2.29,Critical Waste,6000,"COLOR_a_b, BOSTWICK_cm, pH"
2025-07-10,12:00,Thursday,2025-07-10 12:00,B0373,27.91,2.11,3.54,4.24,7.27,2.61,3.54,2.04,Correction,450,BRIX
2025-07-10,13:00,Thursday,2025-07-10 13:00,B0374,28.28,2.16,4.7,4.23,6.54,3.33,3.2,2.0,Accept,0,
2025-07-10,14:00,Thursday,2025-07-10 14:00,B0375,29.1,1.92,3.17,4.18,6.36,2.63,3.78,2.04,Accept,0,
2025-07-10,15:00,Thursday,2025-07-10 15:00,B0376,29.05,2.08,3.28,4.16,7.34,2.43,2.99,2.17,Accept,0,
2025-07-10,16:00,Thursday,2025-07-10 16:00,B0377,28.28,2.08,5.04,4.26,7.02,3.49,3.8,2.16,Accept,0,
2025-07-10,17:00,Thursday,2025-07-10 17:00,B0378,28.19,2.09,5.25,4.16,6.32,3.25,3.76,1.85,Accept,0,
2025-07-10,18:00,Thursday,2025-07-10 18:00,B0379,28.3,2.06,4.71,4.36,6.83,2.24,5.18,2.0,Accept,0,
2025-07-10,19:00,Thursday,2025-07-10 19:00,B0380,28.92,1.93,4.95,4.25,7.2,2.19,2.84,1.98,Accept,0,
2025-07-10,20:00,Thursday,2025-07-10 20:00,B0381,27.89,2.11,3.78,4.21,6.88,3.61,4.66,1.82,Correction,450,BRIX
2025-07-10,21:00,Thursday,2025-07-10 21:00,B0382,28.5,2.18,4.41,4.21,6.24,2.8,4.1,2.01,Accept,0,
2025-07-10,22:00,Thursday,2025-07-10 22:00,B0383,28.54,2.01,3.25,4.22,5.47,2.59,3.15,1.96,Accept,0,
2025-07-10,23:00,Thursday,2025-07-10 23:00,B0384,27.7,1.75,3.51,4.65,7.08,4.18,5.48,2.03,Critical Waste,6000,"BRIX, COLOR_a_b, pH"
2025-07-11,00:00,Friday,2025-07-11 00:00,B0385,29.46,2.01,2.92,4.31,6.08,2.78,3.02,1.95,Accept,0,
2025-07-11,01:00,Friday,2025-07-11 01:00,B0386,29.36,2.15,4.13,4.28,7.05,2.66,3.23,2.01,Accept,0,
2025-07-11,02:00,Friday,2025-07-11 02:00,B0387,28.53,2.11,3.54,4.19,6.39,2.31,3.27,2.03,Accept,0,
2025-07-11,03:00,Friday,2025-07-11 03:00,B0388,28.85,2.17,7.68,4.23,7.89,4.57,5.23,1.98,Correction,450,BOSTWICK_cm
2025-07-11,04:00,Friday,2025-07-11 04:00,B0389,28.8,1.98,3.94,4.19,7.82,3.32,3.93,2.07,Accept,0,
2025-07-11,05:00,Friday,2025-07-11 05:00,B0390,28.36,2.02,5.19,4.17,6.22,2.91,4.39,2.03,Accept,0,
2025-07-11,06:00,Friday,2025-07-11 06:00,B0391,28.5,1.93,4.2,4.29,7.07,2.66,4.69,2.03,Accept,0,
2025-07-11,07:00,Friday,2025-07-11 07:00,B0392,28.76,2.16,4.31,4.21,7.64,3.53,4.2,1.81,Accept,0,
2025-07-11,08:00,Friday,2025-07-11 08:00,B0393,29.09,2.09,3.07,4.23,6.2,3.14,2.95,1.97,Accept,0,
2025-07-11,09:00,Friday,2025-07-11 09:00,B0394,28.43,1.95,3.92,4.19,5.04,4.23,4.56,1.94,Accept,0,
2025-07-11,10:00,Friday,2025-07-11 10:00,B0395,28.35,2.05,4.08,4.18,7.01,3.11,4.18,2.01,Accept,0,
2025-07-11,11:00,Friday,2025-07-11 11:00,B0396,28.66,1.94,3.75,4.23,6.27,2.87,3.74,1.99,Accept,0,
2025-07-11,12:00,Friday,2025-07-11 12:00,B0397,28.03,2.06,4.19,4.23,6.33,2.39,3.25,2.02,Accept,0,
2025-07-11,13:00,Friday,2025-07-11 13:00,B0398,29.0,2.16,3.82,4.06,6.32,2.96,3.09,1.92,Correction,450,pH
2025-07-11,14:00,Friday,2025-07-11 14:00,B0399,28.64,2.09,3.45,4.29,5.8,2.66,4.23,2.16,Accept,0,
2025-07-11,15:00,Friday,2025-07-11 15:00,B0400,28.89,2.05,3.89,4.2,7.09,2.62,3.83,2.01,Accept,0,
2025-07-11,16:00,Friday,2025-07-11 16:00,B0401,28.07,1.91,3.64,4.28,6.22,3.96,4.64,2.04,Accept,0,
2025-07-11,17:00,Friday,2025-07-11 17:00,B0402,28.32,2.08,4.77,4.09,6.75,1.5,3.12,2.24,Correction,450,pH
2025-07-11,18:00,Friday,2025-07-11 18:00,B0403,29.08,1.96,2.42,4.19,7.07,1.96,2.97,2.04,Accept,0,
2025-07-11,19:00,Friday,2025-07-11 19:00,B0404,29.33,2.18,4.41,4.17,6.48,2.9,4.03,2.22,Accept,0,
2025-07-11,20:00,Friday,2025-07-11 20:00,B0405,28.82,2.19,4.39,4.27,6.37,4.46,3.52,1.91,Accept,0,
2025-07-11,21:00,Friday,2025-07-11 21:00,B0406,28.72,2.25,2.9,4.22,6.82,3.07,3.72,1.81,Accept,0,
2025-07-11,22:00,Friday,2025-07-11 22:00,B0407,28.9,2.22,4.35,4.07,6.48,3.03,4.46,2.03,Correction,450,pH
2025-07-11,23:00,Friday,2025-07-11 23:00,B0408,28.5,2.15,4.19,4.23,5.86,3.17,3.22,1.9,Accept,0,
2025-07-12,00:00,Saturday,2025-07-12 00:00,B0409,28.78,1.9,3.07,4.33,6.14,3.12,2.76,2.01,Accept,0,
2025-07-12,01:00,Saturday,2025-07-12 01:00,B0410,29.03,2.02,4.64,4.26,7.65,2.11,4.68,2.17,Accept,0,
2025-07-12,02:00,Saturday,2025-07-12 02:00,B0411,28.92,1.9,4.11,4.38,7.12,3.63,5.0,2.29,Accept,0,
2025-07-12,03:00,Saturday,2025-07-12 03:00,B0412,28.87,1.99,3.53,4.28,5.83,2.75,3.82,2.02,Accept,0,
2025-07-12,04:00,Saturday,2025-07-12 04:00,B0413,29.1,1.84,5.56,4.49,7.42,4.42,5.46,1.79,Correction,450,"COLOR_a_b, pH"
2025-07-12,05:00,Saturday,2025-07-12 05:00,B0414,28.12,2.08,2.81,4.22,7.45,2.43,3.22,2.11,Accept,0,
2025-07-12,06:00,Saturday,2025-07-12 06:00,B0415,28.31,2.0,4.07,4.22,7.17,2.58,2.74,1.83,Accept,0,
2025-07-12,07:00,Saturday,2025-07-12 07:00,B0416,28.25,2.05,3.51,4.15,6.63,3.13,4.35,1.94,Accept,0,
2025-07-12,08:00,Saturday,2025-07-12 08:00,B0417,28.32,2.01,4.96,4.33,6.59,5.23,7.66,2.0,Correction,450,"BLOTTER_TEST, SYNERESIS_pct"
2025-07-12,09:00,Saturday,2025-07-12 09:00,B0418,28.47,1.99,4.22,4.24,7.1,2.25,4.31,2.09,Accept,0,
2025-07-12,10:00,Saturday,2025-07-12 10:00,B0419,29.01,1.89,5.06,4.17,8.18,5.15,5.66,1.91,Correction,450,"ACIDITY_pct, BLOTTER_TEST"
2025-07-12,11:00,Saturday,2025-07-12 11:00,B0420,28.63,2.04,4.72,4.21,5.94,2.76,3.93,2.18,Accept,0,
2025-07-12,12:00,Saturday,2025-07-12 12:00,B0421,28.63,2.19,3.48,4.36,6.69,3.23,3.38,2.05,Accept,0,
2025-07-12,13:00,Saturday,2025-07-12 13:00,B0422,29.03,2.13,4.52,4.2,6.21,3.2,4.45,1.97,Accept,0,
2025-07-12,14:00,Saturday,2025-07-12 14:00,B0423,28.63,2.06,3.17,4.27,7.0,2.56,3.08,1.95,Accept,0,
2025-07-12,15:00,Saturday,2025-07-12 15:00,B0424,28.75,2.05,3.14,4.14,6.64,1.72,4.51,1.98,Accept,0,
2025-07-12,16:00,Saturday,2025-07-12 16:00,B0425,28.2,2.05,4.13,4.19,5.72,4.05,4.78,1.94,Accept,0,
2025-07-12,17:00,Saturday,2025-07-12 17:00,B0426,28.77,2.14,3.28,4.08,6.93,2.5,2.39,2.02,Correction,450,pH
2025-07-12,18:00,Saturday,2025-07-12 18:00,B0427,28.6,2.05,3.86,4.26,5.8,2.75,4.14,2.1,Accept,0,
2025-07-12,19:00,Saturday,2025-07-12 19:00,B0428,28.71,2.06,3.4,4.21,5.41,3.11,4.8,1.78,Accept,0,
2025-07-12,20:00,Saturday,2025-07-12 20:00,B0429,28.56,2.01,3.66,4.29,7.45,2.64,4.6,2.0,Accept,0,
2025-07-12,21:00,Saturday,2025-07-12 21:00,B0430,28.74,1.95,4.95,4.3,6.85,4.82,5.27,2.0,Accept,0,
2025-07-12,22:00,Saturday,2025-07-12 22:00,B0431,28.74,1.87,2.51,4.21,7.08,5.03,3.72,1.8,Correction,450,BLOTTER_TEST
2025-07-12,23:00,Saturday,2025-07-12 23:00,B0432,27.98,2.09,2.9,4.15,5.46,2.95,3.69,1.95,Correction,450,BRIX
2025-07-13,00:00,Sunday,2025-07-13 00:00,B0433,28.28,2.01,3.77,4.24,6.05,3.19,4.14,1.93,Accept,0,
2025-07-13,01:00,Sunday,2025-07-13 01:00,B0434,28.81,2.02,4.15,4.21,6.5,2.8,3.68,2.03,Accept,0,
2025-07-13,02:00,Sunday,2025-07-13 02:00,B0435,28.3,1.93,4.56,4.09,6.74,2.48,3.44,1.87,Correction,450,pH
2025-07-13,03:00,Sunday,2025-07-13 03:00,B0436,28.83,2.11,3.4,4.25,6.07,3.06,2.91,1.73,Accept,0,
2025-07-13,04:00,Sunday,2025-07-13 04:00,B0437,28.55,2.08,4.33,4.21,6.7,2.67,4.72,1.92,Accept,0,
2025-07-13,05:00,Sunday,2025-07-13 05:00,B0438,28.19,2.09,4.71,4.25,6.4,2.68,4.53,1.79,Accept,0,
2025-07-13,06:00,Sunday,2025-07-13 06:00,B0439,28.7,1.96,3.73,4.29,6.36,2.8,3.25,1.85,Accept,0,
2025-07-13,07:00,Sunday,2025-07-13 07:00,B0440,29.16,2.12,4.65,4.19,6.43,2.14,3.43,2.07,Accept,0,
2025-07-13,08:00,Sunday,2025-07-13 08:00,B0441,28.49,2.11,3.33,4.29,6.57,2.65,3.38,1.79,Accept,0,
2025-07-13,09:00,Sunday,2025-07-13 09:00,B0442,28.44,1.99,4.0,4.21,6.31,2.56,4.02,2.25,Accept,0,
2025-07-13,10:00,Sunday,2025-07-13 10:00,B0443,29.37,2.31,3.84,4.22,7.3,4.6,6.59,1.84,Correction,450,SYNERESIS_pct
2025-07-13,11:00,Sunday,2025-07-13 11:00,B0444,28.93,2.07,3.08,4.21,6.65,3.11,2.51,1.87,Accept,0,
2025-07-13,12:00,Sunday,2025-07-13 12:00,B0445,28.31,1.52,5.48,4.25,8.71,4.4,4.35,2.27,Correction,450,"COLOR_a_b, ACIDITY_pct"
2025-07-13,13:00,Sunday,2025-07-13 13:00,B0446,28.46,2.13,4.84,4.26,6.71,3.23,3.41,1.98,Accept,0,
2025-07-13,14:00,Sunday,2025-07-13 14:00,B0447,28.41,2.21,3.55,4.3,5.93,3.29,4.01,2.24,Accept,0,
2025-07-13,15:00,Sunday,2025-07-13 15:00,B0448,28.95,1.98,3.1,4.21,6.46,3.33,4.46,1.99,Accept,0,
2025-07-13,16:00,Sunday,2025-07-13 16:00,B0449,28.25,2.12,3.38,4.21,6.88,2.29,3.93,2.18,Accept,0,
2025-07-13,17:00,Sunday,2025-07-13 17:00,B0450,28.84,2.17,4.53,4.27,6.53,3.23,4.67,1.8,Accept,0,
2025-07-13,18:00,Sunday,2025-07-13 18:00,B0451,28.95,2.01,3.01,4.31,7.08,2.95,4.4,1.94,Accept,0,
2025-07-13,19:00,Sunday,2025-07-13 19:00,B0452,28.79,2.08,3.83,4.14,6.76,2.5,5.33,2.09,Accept,0,
2025-07-13,20:00,Sunday,2025-07-13 20:00,B0453,28.82,1.9,4.25,4.27,6.79,2.95,4.03,2.03,Accept,0,
2025-07-13,21:00,Sunday,2025-07-13 21:00,B0454,28.39,2.08,4.19,4.11,7.51,3.77,3.52,1.83,Accept,0,
2025-07-13,22:00,Sunday,2025-07-13 22:00,B0455,28.63,2.06,3.24,4.24,7.06,3.9,3.63,2.38,Accept,0,
2025-07-13,23:00,Sunday,2025-07-13 23:00,B0456,28.69,1.88,4.33,4.19,7.46,2.54,2.62,1.93,Accept,0,
2025-07-14,00:00,Monday,2025-07-14 00:00,B0457,28.79,2.03,4.0,4.27,7.09,2.48,3.78,1.92,Accept,0,
2025-07-14,01:00,Monday,2025-07-14 01:00,B0458,29.18,2.08,3.48,4.22,6.51,3.28,2.84,2.09,Accept,0,
2025-07-14,02:00,Monday,2025-07-14 02:00,B0459,28.33,2.04,3.57,4.18,7.29,3.02,3.88,1.9,Accept,0,
2025-07-14,03:00,Monday,2025-07-14 03:00,B0460,28.57,2.0,3.71,4.26,6.24,2.95,5.32,1.79,Accept,0,
2025-07-14,04:00,Monday,2025-07-14 04:00,B0461,28.17,1.96,3.83,4.17,6.61,2.8,4.0,2.15,Accept,0,
2025-07-14,05:00,Monday,2025-07-14 05:00,B0462,28.9,1.94,3.31,4.05,6.1,3.57,4.16,1.97,Correction,450,pH
2025-07-14,06:00,Monday,2025-07-14 06:00,B0463,28.91,2.05,4.56,4.35,6.11,2.26,3.93,2.17,Accept,0,
2025-07-14,07:00,Monday,2025-07-14 07:00,B0464,28.56,2.08,3.56,4.23,6.73,3.12,3.09,2.03,Accept,0,
2025-07-14,08:00,Monday,2025-07-14 08:00,B0465,28.42,2.16,4.2,4.27,6.63,3.49,3.52,1.88,Accept,0,
2025-07-14,09:00,Monday,2025-07-14 09:00,B0466,28.67,2.07,3.29,4.28,6.79,2.58,2.72,1.98,Accept,0,
2025-07-14,10:00,Monday,2025-07-14 10:00,B0467,28.57,2.03,3.3,4.21,6.35,2.78,3.51,2.22,Accept,0,
2025-07-14,11:00,Monday,2025-07-14 11:00,B0468,29.06,2.03,4.52,4.22,7.07,2.77,3.03,2.21,Accept,0,
2025-07-14,12:00,Monday,2025-07-14 12:00,B0469,28.14,1.77,5.92,4.44,8.02,4.81,4.81,1.84,Correction,450,"COLOR_a_b, ACIDITY_pct"
2025-07-14,13:00,Monday,2025-07-14 13:00,B0470,29.07,2.12,3.96,4.23,6.35,3.81,3.66,2.03,Accept,0,
2025-07-14,14:00,Monday,2025-07-14 14:00,B0471,28.26,1.79,3.68,4.56,6.63,6.12,3.99,2.19,Critical Waste,6000,"COLOR_a_b, pH, BLOTTER_TEST"
2025-07-14,15:00,Monday,2025-07-14 15:00,B0472,28.52,1.9,3.73,4.16,6.2,2.92,4.47,2.03,Accept,0,
2025-07-14,16:00,Monday,2025-07-14 16:00,B0473,29.19,2.13,5.02,4.18,6.57,1.43,3.6,2.01,Accept,0,
2025-07-14,17:00,Monday,2025-07-14 17:00,B0474,28.58,2.08,4.53,4.22,6.81,3.98,4.07,2.05,Accept,0,
2025-07-14,18:00,Monday,2025-07-14 18:00,B0475,27.77,2.01,3.54,4.22,5.4,3.79,3.63,2.05,Correction,450,BRIX
2025-07-14,19:00,Monday,2025-07-14 19:00,B0476,28.37,2.06,4.01,4.25,6.37,1.9,3.5,2.12,Accept,0,
2025-07-14,20:00,Monday,2025-07-14 20:00,B0477,28.46,1.99,3.91,4.31,6.2,2.71,4.12,1.97,Accept,0,
2025-07-14,21:00,Monday,2025-07-14 21:00,B0478,28.6,2.07,5.09,4.2,6.64,2.69,3.21,1.91,Accept,0,
2025-07-14,22:00,Monday,2025-07-14 22:00,B0479,28.57,1.96,3.21,4.34,6.42,3.56,2.6,2.4,Accept,0,
2025-07-14,23:00,Monday,2025-07-14 23:00,B0480,28.98,1.92,2.2,4.25,6.62,2.35,3.11,1.85,Accept,0,
2025-07-15,00:00,Tuesday,2025-07-15 00:00,B0481,28.32,2.06,3.88,4.15,5.65,3.04,3.39,1.96,Accept,0,
2025-07-15,01:00,Tuesday,2025-07-15 01:00,B0482,28.88,1.9,4.03,4.25,7.43,2.71,4.03,1.73,Accept,0,
2025-07-15,02:00,Tuesday,2025-07-15 02:00,B0483,28.19,2.02,5.51,4.22,6.62,2.09,3.91,2.29,Accept,0,
2025-07-15,03:00,Tuesday,2025-07-15 03:00,B0484,24.14,1.9,6.58,4.65,7.94,4.73,9.65,2.16,Critical Waste,6000,"BRIX, BOSTWICK_cm, pH, SYNERESIS_pct"
2025-07-15,04:00,Tuesday,2025-07-15 04:00,B0485,28.72,2.16,4.64,4.19,6.12,2.57,2.6,2.0,Accept,0,
2025-07-15,05:00,Tuesday,2025-07-15 05:00,B0486,28.66,2.23,4.3,4.22,7.04,3.13,3.95,1.84,Accept,0,
2025-07-15,06:00,Tuesday,2025-07-15 06:00,B0487,29.42,2.04,3.44,4.26,5.69,3.1,4.54,2.14,Accept,0,
2025-07-15,07:00,Tuesday,2025-07-15 07:00,B0488,28.98,1.91,4.42,4.39,7.73,2.0,3.65,2.23,Accept,0,
2025-07-15,08:00,Tuesday,2025-07-15 08:00,B0489,28.05,1.95,3.94,4.1,6.0,2.65,2.88,1.68,Accept,0,
2025-07-15,09:00,Tuesday,2025-07-15 09:00,B0490,29.01,2.13,3.53,4.23,6.27,3.11,4.86,2.09,Accept,0,
2025-07-15,10:00,Tuesday,2025-07-15 10:00,B0491,28.55,2.15,3.73,4.2,6.22,2.33,4.37,2.33,Accept,0,
2025-07-15,11:00,Tuesday,2025-07-15 11:00,B0492,28.26,1.99,3.75,4.14,6.01,3.42,2.88,1.76,Accept,0,
2025-07-15,12:00,Tuesday,2025-07-15 12:00,B0493,24.79,1.57,9.8,4.56,9.6,6.66,9.59,1.88,Critical Waste,6000,"BRIX, COLOR_a_b, BOSTWICK_cm, pH, ACIDITY_pct, BLOTTER_TEST, SYNERESIS_pct"
2025-07-15,13:00,Tuesday,2025-07-15 13:00,B0494,28.65,2.02,3.99,4.21,7.11,2.35,3.27,2.16,Accept,0,
2025-07-15,14:00,Tuesday,2025-07-15 14:00,B0495,28.44,1.91,4.56,4.29,7.04,3.96,4.1,2.23,Accept,0,
2025-07-15,15:00,Tuesday,2025-07-15 15:00,B0496,27.88,2.02,4.56,4.23,7.47,3.62,3.34,2.0,Correction,450,BRIX
2025-07-15,16:00,Tuesday,2025-07-15 16:00,B0497,27.91,2.04,4.01,4.14,5.92,2.49,3.03,1.98,Correction,450,BRIX
2025-07-15,17:00,Tuesday,2025-07-15 17:00,B0498,28.8,2.06,4.82,4.24,7.97,4.68,5.37,1.79,Accept,0,
2025-07-15,18:00,Tuesday,2025-07-15 18:00,B0499,29.25,2.13,5.03,4.07,6.55,2.81,3.71,1.88,Correction,450,pH
2025-07-15,19:00,Tuesday,2025-07-15 19:00,B0500,28.22,2.06,4.6,4.26,5.31,4.23,4.01,1.88,Accept,0,
2025-07-15,20:00,Tuesday,2025-07-15 20:00,B0501,28.81,2.12,3.93,4.19,7.96,3.85,6.35,2.09,Correction,450,SYNERESIS_pct
2025-07-15,21:00,Tuesday,2025-07-15 21:00,B0502,28.71,2.01,4.5,4.14,6.05,2.42,4.56,2.14,Accept,0,
2025-07-15,22:00,Tuesday,2025-07-15 22:00,B0503,29.07,2.16,4.21,4.17,6.23,2.96,4.56,1.93,Accept,0,
2025-07-15,23:00,Tuesday,2025-07-15 23:00,B0504,28.37,2.05,3.36,4.07,6.6,3.37,3.98,1.71,Correction,450,pH
2025-07-16,00:00,Wednesday,2025-07-16 00:00,B0505,28.58,2.07,2.69,4.2,7.06,3.76,3.11,2.14,Accept,0,
2025-07-16,01:00,Wednesday,2025-07-16 01:00,B0506,28.72,1.98,4.06,4.19,5.61,1.66,3.96,1.92,Accept,0,
2025-07-16,02:00,Wednesday,2025-07-16 02:00,B0507,28.44,1.93,4.19,4.13,6.39,3.71,4.22,1.7,Accept,0,
2025-07-16,03:00,Wednesday,2025-07-16 03:00,B0508,28.77,2.17,3.7,4.19,7.07,3.18,4.69,2.04,Accept,0,
2025-07-16,04:00,Wednesday,2025-07-16 04:00,B0509,28.98,1.91,4.45,4.3,7.28,3.31,3.06,2.09,Accept,0,
2025-07-16,05:00,Wednesday,2025-07-16 05:00,B0510,28.9,2.08,4.06,4.24,6.66,3.77,4.71,2.08,Accept,0,
2025-07-16,06:00,Wednesday,2025-07-16 06:00,B0511,28.82,2.09,4.54,4.14,6.6,2.95,3.86,1.93,Accept,0,
2025-07-16,07:00,Wednesday,2025-07-16 07:00,B0512,28.3,2.09,3.98,4.12,6.71,2.65,4.42,2.0,Accept,0,
2025-07-16,08:00,Wednesday,2025-07-16 08:00,B0513,28.17,2.1,4.28,4.17,7.23,3.32,3.44,1.72,Accept,0,
2025-07-16,09:00,Wednesday,2025-07-16 09:00,B0514,28.26,1.94,3.05,4.24,6.39,3.23,4.28,2.04,Accept,0,
2025-07-16,10:00,Wednesday,2025-07-16 10:00,B0515,28.58,2.09,4.09,4.24,6.04,2.65,3.4,1.96,Accept,0,
2025-07-16,11:00,Wednesday,2025-07-16 11:00,B0516,28.54,1.98,3.75,4.24,6.67,2.46,3.46,2.16,Accept,0,
2025-07-16,12:00,Wednesday,2025-07-16 12:00,B0517,29.29,2.08,4.62,4.31,6.99,2.93,4.65,2.04,Accept,0,
2025-07-16,13:00,Wednesday,2025-07-16 13:00,B0518,27.25,1.57,8.61,4.42,9.72,6.04,7.17,2.61,Critical Waste,6000,"BRIX, COLOR_a_b, BOSTWICK_cm, ACIDITY_pct, BLOTTER_TEST, SYNERESIS_pct, SALT_pct"
2025-07-16,14:00,Wednesday,2025-07-16 14:00,B0519,28.0,1.9,4.64,4.17,6.57,2.93,3.18,2.13,Accept,0,
2025-07-16,15:00,Wednesday,2025-07-16 15:00,B0520,28.74,2.03,4.84,4.27,6.94,2.42,3.74,1.95,Accept,0,
2025-07-16,16:00,Wednesday,2025-07-16 16:00,B0521,28.7,2.03,4.42,4.15,7.31,2.04,3.63,2.07,Accept,0,
2025-07-16,17:00,Wednesday,2025-07-16 17:00,B0522,28.9,1.95,4.87,4.22,6.2,2.82,4.37,1.91,Accept,0,
2025-07-16,18:00,Wednesday,2025-07-16 18:00,B0523,28.51,2.0,4.02,4.23,5.91,2.82,3.56,1.97,Accept,0,
2025-07-16,19:00,Wednesday,2025-07-16 19:00,B0524,28.67,1.97,4.0,4.27,6.41,3.72,4.52,2.14,Accept,0,
2025-07-16,20:00,Wednesday,2025-07-16 20:00,B0525,29.08,1.94,3.88,4.18,6.57,3.01,4.74,1.98,Accept,0,
2025-07-16,21:00,Wednesday,2025-07-16 21:00,B0526,28.75,2.15,3.87,4.28,7.32,3.79,3.04,1.96,Accept,0,
2025-07-16,22:00,Wednesday,2025-07-16 22:00,B0527,28.34,2.0,3.47,4.29,5.87,3.01,3.61,2.16,Accept,0,
2025-07-16,23:00,Wednesday,2025-07-16 23:00,B0528,28.62,2.03,4.69,4.05,6.49,2.94,3.48,2.26,Correction,450,pH
2025-07-17,00:00,Thursday,2025-07-17 00:00,B0529,28.84,2.0,3.19,4.24,6.82,2.21,3.59,2.18,Accept,0,
2025-07-17,01:00,Thursday,2025-07-17 01:00,B0530,28.74,2.12,3.59,4.05,6.76,2.27,2.39,1.58,Correction,450,pH
2025-07-17,02:00,Thursday,2025-07-17 02:00,B0531,29.21,2.02,3.86,4.38,6.42,2.18,4.0,1.97,Accept,0,
2025-07-17,03:00,Thursday,2025-07-17 03:00,B0532,28.62,2.1,4.42,4.35,6.34,2.44,3.97,1.88,Accept,0,
2025-07-17,04:00,Thursday,2025-07-17 04:00,B0533,28.36,2.11,3.81,4.15,6.6,3.24,4.19,1.61,Accept,0,
2025-07-17,05:00,Thursday,2025-07-17 05:00,B0534,28.83,1.92,4.29,4.16,6.91,2.42,4.28,2.17,Accept,0,
2025-07-17,06:00,Thursday,2025-07-17 06:00,B0535,28.19,1.99,4.54,4.29,6.16,2.55,3.34,1.76,Accept,0,
2025-07-17,07:00,Thursday,2025-07-17 07:00,B0536,28.57,2.07,4.57,4.25,6.4,2.88,4.16,2.19,Accept,0,
2025-07-17,08:00,Thursday,2025-07-17 08:00,B0537,28.08,2.13,4.77,4.18,6.3,3.75,3.71,2.09,Accept,0,
2025-07-17,09:00,Thursday,2025-07-17 09:00,B0538,28.93,2.05,3.63,4.26,6.7,3.21,3.86,1.99,Accept,0,
2025-07-17,10:00,Thursday,2025-07-17 10:00,B0539,28.64,1.96,5.12,4.28,6.52,2.84,3.94,2.08,Accept,0,
2025-07-17,11:00,Thursday,2025-07-17 11:00,B0540,28.61,2.03,3.95,4.03,6.61,2.71,4.91,2.0,Critical Waste,6000,pH
2025-07-17,12:00,Thursday,2025-07-17 12:00,B0541,28.74,1.97,4.08,4.21,5.96,3.21,3.82,2.08,Accept,0,
2025-07-17,13:00,Thursday,2025-07-17 13:00,B0542,28.12,2.11,4.31,4.25,6.5,3.25,4.92,1.96,Accept,0,
2025-07-17,14:00,Thursday,2025-07-17 14:00,B0543,29.3,2.21,3.9,4.17,6.79,2.78,4.07,1.9,Accept,0,
2025-07-17,15:00,Thursday,2025-07-17 15:00,B0544,28.08,2.15,3.6,4.26,5.87,3.4,4.27,2.06,Accept,0,
2025-07-17,16:00,Thursday,2025-07-17 16:00,B0545,28.69,2.13,3.88,4.16,6.75,2.5,3.52,2.04,Accept,0,
2025-07-17,17:00,Thursday,2025-07-17 17:00,B0546,28.83,2.05,2.61,4.27,6.49,3.72,3.03,1.52,Accept,0,
2025-07-17,18:00,Thursday,2025-07-17 18:00,B0547,28.48,2.14,3.94,4.09,5.75,3.25,3.75,2.22,Correction,450,pH
2025-07-17,19:00,Thursday,2025-07-17 19:00,B0548,28.51,2.02,3.93,4.24,6.42,2.24,4.14,1.71,Accept,0,
2025-07-17,20:00,Thursday,2025-07-17 20:00,B0549,28.34,1.89,3.94,4.24,6.07,2.51,4.91,1.96,Accept,0,
2025-07-17,21:00,Thursday,2025-07-17 21:00,B0550,29.1,2.02,4.45,4.11,6.83,2.52,4.02,1.96,Accept,0,
2025-07-17,22:00,Thursday,2025-07-17 22:00,B0551,28.27,2.14,3.98,4.14,6.84,2.88,2.6,2.05,Accept,0,
2025-07-17,23:00,Thursday,2025-07-17 23:00,B0552,28.9,1.96,4.35,4.26,5.54,3.06,3.47,1.89,Accept,0,
2025-07-18,00:00,Friday,2025-07-18 00:00,B0553,28.69,2.18,3.88,4.17,6.59,3.35,3.69,2.21,Accept,0,
2025-07-18,01:00,Friday,2025-07-18 01:00,B0554,28.4,2.09,2.43,4.37,6.77,3.09,4.63,2.35,Accept,0,
2025-07-18,02:00,Friday,2025-07-18 02:00,B0555,28.36,2.08,3.83,4.24,5.98,2.5,2.84,1.89,Accept,0,
2025-07-18,03:00,Friday,2025-07-18 03:00,B0556,28.67,2.05,4.09,4.19,8.04,3.82,2.93,2.03,Correction,450,ACIDITY_pct
2025-07-18,04:00,Friday,2025-07-18 04:00,B0557,28.9,1.92,3.81,4.21,6.79,3.37,3.28,1.94,Accept,0,
2025-07-18,05:00,Friday,2025-07-18 05:00,B0558,28.95,2.16,3.49,4.25,6.82,2.72,3.26,2.24,Accept,0,
2025-07-18,06:00,Friday,2025-07-18 06:00,B0559,28.25,1.99,3.08,4.0,7.5,3.34,4.7,1.76,Critical Waste,6000,pH
2025-07-18,07:00,Friday,2025-07-18 07:00,B0560,28.83,2.1,3.76,4.16,5.99,2.78,4.25,2.14,Accept,0,
2025-07-18,08:00,Friday,2025-07-18 08:00,B0561,28.32,2.03,3.46,4.24,7.17,1.88,3.88,2.13,Accept,0,
2025-07-18,09:00,Friday,2025-07-18 09:00,B0562,28.97,2.02,4.81,4.3,7.33,3.18,4.21,2.21,Accept,0,
2025-07-18,10:00,Friday,2025-07-18 10:00,B0563,28.83,2.12,3.96,4.17,6.25,2.4,3.76,1.96,Accept,0,
2025-07-18,11:00,Friday,2025-07-18 11:00,B0564,29.14,2.14,3.72,4.25,6.5,3.74,4.49,1.79,Accept,0,
2025-07-18,12:00,Friday,2025-07-18 12:00,B0565,29.37,2.15,3.24,4.27,7.01,2.76,4.14,1.93,Accept,0,
2025-07-18,13:00,Friday,2025-07-18 13:00,B0566,28.88,2.13,4.2,4.14,6.4,3.64,3.76,2.08,Accept,0,
2025-07-18,14:00,Friday,2025-07-18 14:00,B0567,28.78,2.04,4.48,4.2,6.34,3.5,3.96,1.94,Accept,0,
2025-07-18,15:00,Friday,2025-07-18 15:00,B0568,28.5,2.17,4.92,4.22,6.0,1.75,2.77,1.79,Accept,0,
2025-07-18,16:00,Friday,2025-07-18 16:00,B0569,28.42,2.14,5.23,4.24,6.04,2.42,3.9,2.04,Accept,0,
2025-07-18,17:00,Friday,2025-07-18 17:00,B0570,28.52,2.06,4.12,4.36,5.45,3.41,3.72,2.09,Accept,0,
2025-07-18,18:00,Friday,2025-07-18 18:00,B0571,28.71,2.19,3.02,4.22,6.15,3.31,3.68,1.8,Accept,0,
2025-07-18,19:00,Friday,2025-07-18 19:00,B0572,28.86,1.95,4.63,4.25,6.13,2.92,4.92,2.11,Accept,0,
2025-07-18,20:00,Friday,2025-07-18 20:00,B0573,28.41,2.05,4.47,4.23,6.52,3.3,4.27,1.99,Accept,0,
2025-07-18,21:00,Friday,2025-07-18 21:00,B0574,28.58,1.99,3.89,4.12,7.64,2.26,3.08,1.93,Accept,0,
2025-07-18,22:00,Friday,2025-07-18 22:00,B0575,28.77,2.13,4.31,4.21,6.62,3.54,3.47,2.0,Accept,0,
2025-07-18,23:00,Friday,2025-07-18 23:00,B0576,29.36,2.0,4.97,4.24,6.75,1.98,3.68,1.88,Accept,0,
2025-07-19,00:00,Saturday,2025-07-19 00:00,B0577,28.59,1.91,3.6,4.11,6.71,3.5,3.64,2.04,Accept,0,
2025-07-19,01:00,Saturday,2025-07-19 01:00,B0578,27.99,1.78,5.49,4.3,7.39,3.58,4.63,2.26,Correction,450,"BRIX, COLOR_a_b"
2025-07-19,02:00,Saturday,2025-07-19 02:00,B0579,27.93,1.95,4.09,4.23,6.65,3.0,3.31,1.99,Correction,450,BRIX
2025-07-19,03:00,Saturday,2025-07-19 03:00,B0580,28.19,2.03,4.37,4.13,6.6,3.06,3.83,2.16,Accept,0,
2025-07-19,04:00,Saturday,2025-07-19 04:00,B0581,29.21,2.21,2.96,4.23,6.54,2.75,4.14,2.01,Accept,0,
2025-07-19,05:00,Saturday,2025-07-19 05:00,B0582,28.63,1.99,2.91,4.18,5.8,4.02,3.72,1.95,Accept,0,
2025-07-19,06:00,Saturday,2025-07-19 06:00,B0583,28.71,2.06,4.48,4.18,6.53,2.6,4.29,2.18,Accept,0,
2025-07-19,07:00,Saturday,2025-07-19 07:00,B0584,28.69,2.06,4.24,4.23,5.99,3.03,3.05,2.01,Accept,0,
2025-07-19,08:00,Saturday,2025-07-19 08:00,B0585,29.42,2.02,4.39,4.22,5.88,1.86,4.32,2.23,Accept,0,
2025-07-19,09:00,Saturday,2025-07-19 09:00,B0586,28.12,2.02,3.85,4.22,6.84,2.59,3.61,2.0,Accept,0,
2025-07-19,10:00,Saturday,2025-07-19 10:00,B0587,28.81,2.1,3.8,4.23,6.76,3.26,3.83,2.21,Accept,0,
2025-07-19,11:00,Saturday,2025-07-19 11:00,B0588,28.77,2.11,3.58,4.18,6.21,3.32,4.52,1.94,Accept,0,
2025-07-19,12:00,Saturday,2025-07-19 12:00,B0589,28.88,1.96,3.94,4.28,5.89,3.25,3.77,1.74,Accept,0,
2025-07-19,13:00,Saturday,2025-07-19 13:00,B0590,28.65,2.28,3.89,4.15,6.64,1.76,3.74,2.0,Accept,0,
2025-07-19,14:00,Saturday,2025-07-19 14:00,B0591,28.29,2.16,3.4,4.19,5.93,3.15,4.76,1.85,Accept,0,
2025-07-19,15:00,Saturday,2025-07-19 15:00,B0592,28.14,1.9,3.93,4.22,6.61,2.73,3.66,2.06,Accept,0,
2025-07-19,16:00,Saturday,2025-07-19 16:00,B0593,28.95,2.06,4.15,4.18,6.1,1.53,3.64,2.22,Accept,0,
2025-07-19,17:00,Saturday,2025-07-19 17:00,B0594,28.96,2.02,3.49,4.28,6.33,2.69,3.9,2.12,Accept,0,
2025-07-19,18:00,Saturday,2025-07-19 18:00,B0595,28.0,2.15,4.06,4.3,6.86,3.04,4.33,1.94,Accept,0,
2025-07-19,19:00,Saturday,2025-07-19 19:00,B0596,28.7,2.01,3.69,4.15,7.39,3.01,3.64,1.86,Accept,0,
2025-07-19,20:00,Saturday,2025-07-19 20:00,B0597,29.06,2.06,4.27,4.19,6.77,4.1,3.29,2.25,Accept,0,
2025-07-19,21:00,Saturday,2025-07-19 21:00,B0598,28.71,2.22,3.16,4.29,6.59,3.5,3.73,1.87,Accept,0,
2025-07-19,22:00,Saturday,2025-07-19 22:00,B0599,28.59,2.17,3.82,4.25,6.94,2.88,4.02,2.1,Accept,0,
2025-07-19,23:00,Saturday,2025-07-19 23:00,B0600,28.12,1.87,3.85,4.03,6.85,2.87,4.51,1.82,Critical Waste,6000,pH
2025-07-20,00:00,Sunday,2025-07-20 00:00,B0601,27.91,1.99,4.28,4.24,6.12,3.7,3.34,2.07,Correction,450,BRIX
2025-07-20,01:00,Sunday,2025-07-20 01:00,B0602,28.98,2.01,3.2,4.26,7.15,4.55,2.96,2.1,Accept,0,
2025-07-20,02:00,Sunday,2025-07-20 02:00,B0603,29.16,1.79,5.35,3.93,8.04,2.92,5.33,2.34,Critical Waste,6000,"COLOR_a_b, pH, ACIDITY_pct"
2025-07-20,03:00,Sunday,2025-07-20 03:00,B0604,28.17,2.16,3.64,4.27,7.29,3.27,2.75,1.86,Accept,0,
2025-07-20,04:00,Sunday,2025-07-20 04:00,B0605,29.3,2.09,4.46,4.16,6.64,3.15,3.22,1.97,Accept,0,
2025-07-20,05:00,Sunday,2025-07-20 05:00,B0606,28.33,1.97,3.84,4.29,6.1,3.11,3.34,1.96,Accept,0,
2025-07-20,06:00,Sunday,2025-07-20 06:00,B0607,28.51,2.16,3.12,4.22,8.02,4.09,5.21,1.76,Correction,450,ACIDITY_pct
2025-07-20,07:00,Sunday,2025-07-20 07:00,B0608,28.7,1.95,3.78,4.34,7.88,2.25,4.35,1.94,Accept,0,
2025-07-20,08:00,Sunday,2025-07-20 08:00,B0609,29.03,2.04,3.4,4.16,6.35,2.82,4.44,1.9,Accept,0,
2025-07-20,09:00,Sunday,2025-07-20 09:00,B0610,28.43,2.07,3.02,4.38,6.14,3.44,4.6,2.42,Accept,0,
2025-07-20,10:00,Sunday,2025-07-20 10:00,B0611,26.26,1.63,8.43,3.83,10.64,5.13,8.11,2.44,Critical Waste,6000,"BRIX, COLOR_a_b, BOSTWICK_cm, pH, ACIDITY_pct, BLOTTER_TEST, SYNERESIS_pct"
2025-07-20,11:00,Sunday,2025-07-20 11:00,B0612,28.41,2.12,3.02,4.17,5.6,2.84,3.77,2.02,Accept,0,
2025-07-20,12:00,Sunday,2025-07-20 12:00,B0613,28.36,2.05,3.86,4.2,5.29,2.22,4.25,2.12,Accept,0,
2025-07-20,13:00,Sunday,2025-07-20 13:00,B0614,28.17,1.96,3.34,4.22,6.72,3.44,5.6,1.66,Accept,0,
2025-07-20,14:00,Sunday,2025-07-20 14:00,B0615,25.71,1.78,8.49,4.34,10.19,6.27,7.54,1.95,Critical Waste,6000,"BRIX, COLOR_a_b, BOSTWICK_cm, ACIDITY_pct, BLOTTER_TEST, SYNERESIS_pct"
2025-07-20,15:00,Sunday,2025-07-20 15:00,B0616,29.28,1.72,2.64,3.91,6.94,4.16,5.12,2.04,Critical Waste,6000,"COLOR_a_b, pH"
2025-07-20,16:00,Sunday,2025-07-20 16:00,B0617,28.98,1.93,4.27,4.2,6.19,3.12,3.84,1.88,Accept,0,
2025-07-20,17:00,Sunday,2025-07-20 17:00,B0618,28.18,2.02,4.32,4.23,6.07,3.0,2.73,2.17,Accept,0,
2025-07-20,18:00,Sunday,2025-07-20 18:00,B0619,27.93,1.91,5.32,4.18,8.2,3.23,4.24,1.74,Correction,450,"BRIX, ACIDITY_pct"
2025-07-20,19:00,Sunday,2025-07-20 19:00,B0620,28.4,1.96,4.02,4.15,6.96,2.95,3.68,2.1,Accept,0,
2025-07-20,20:00,Sunday,2025-07-20 20:00,B0621,28.09,2.02,3.21,4.27,6.71,3.22,1.98,1.92,Accept,0,
2025-07-20,21:00,Sunday,2025-07-20 21:00,B0622,25.6,1.61,6.22,4.44,10.26,6.17,5.48,3.01,Critical Waste,6000,"BRIX, COLOR_a_b, BOSTWICK_cm, ACIDITY_pct, BLOTTER_TEST, SALT_pct"
2025-07-20,22:00,Sunday,2025-07-20 22:00,B0623,29.6,2.12,4.36,4.21,8.57,5.01,3.31,2.27,Correction,450,"ACIDITY_pct, BLOTTER_TEST"
2025-07-20,23:00,Sunday,2025-07-20 23:00,B0624,28.24,2.03,3.98,4.26,7.05,2.55,2.42,2.0,Accept,0,
2025-07-21,00:00,Monday,2025-07-21 00:00,B0625,28.74,2.12,4.05,4.18,6.23,3.23,4.09,1.96,Accept,0,
2025-07-21,01:00,Monday,2025-07-21 01:00,B0626,28.54,2.18,3.89,4.22,6.26,3.66,5.17,2.07,Accept,0,
2025-07-21,02:00,Monday,2025-07-21 02:00,B0627,28.61,2.1,4.32,4.21,5.81,3.58,4.79,1.82,Accept,0,
2025-07-21,03:00,Monday,2025-07-21 03:00,B0628,28.75,1.95,3.92,4.18,5.4,3.96,4.29,2.08,Accept,0,
2025-07-21,04:00,Monday,2025-07-21 04:00,B0629,28.86,2.05,4.18,4.24,6.18,1.95,2.95,1.98,Accept,0,
2025-07-21,05:00,Monday,2025-07-21 05:00,B0630,28.52,2.04,4.08,4.26,6.82,3.16,4.64,1.77,Accept,0,
2025-07-21,06:00,Monday,2025-07-21 06:00,B0631,28.75,2.02,3.59,4.29,6.81,1.65,3.33,1.88,Accept,0,
2025-07-21,07:00,Monday,2025-07-21 07:00,B0632,28.3,2.0,4.67,4.22,6.41,2.93,4.7,1.89,Accept,0,
2025-07-21,08:00,Monday,2025-07-21 08:00,B0633,28.76,2.15,3.65,4.22,6.49,3.07,4.11,1.86,Accept,0,
2025-07-21,09:00,Monday,2025-07-21 09:00,B0634,29.19,2.18,4.73,4.21,6.32,2.0,5.23,2.07,Accept,0,
2025-07-21,10:00,Monday,2025-07-21 10:00,B0635,29.17,1.96,4.87,4.18,7.03,2.98,4.34,2.01,Accept,0,
2025-07-21,11:00,Monday,2025-07-21 11:00,B0636,28.23,2.05,3.63,4.26,6.52,3.41,4.56,2.1,Accept,0,
2025-07-21,12:00,Monday,2025-07-21 12:00,B0637,28.45,2.06,3.27,4.22,6.26,2.33,5.18,1.84,Accept,0,
2025-07-21,13:00,Monday,2025-07-21 13:00,B0638,28.13,2.05,5.14,4.28,7.32,3.23,4.62,1.89,Accept,0,
2025-07-21,14:00,Monday,2025-07-21 14:00,B0639,29.37,2.03,3.09,4.28,6.61,3.3,3.56,1.87,Accept,0,
2025-07-21,15:00,Monday,2025-07-21 15:00,B0640,28.74,2.03,4.07,4.25,6.41,2.94,3.65,2.15,Accept,0,
2025-07-21,16:00,Monday,2025-07-21 16:00,B0641,28.54,2.11,4.05,4.14,6.59,2.75,4.4,2.02,Accept,0,
2025-07-21,17:00,Monday,2025-07-21 17:00,B0642,28.96,2.06,3.69,4.07,6.42,2.8,4.07,1.98,Correction,450,pH
2025-07-21,18:00,Monday,2025-07-21 18:00,B0643,29.3,2.01,3.97,4.14,6.81,3.24,4.84,2.17,Accept,0,
2025-07-21,19:00,Monday,2025-07-21 19:00,B0644,28.34,2.12,4.09,4.24,6.11,3.42,5.26,1.85,Accept,0,
2025-07-21,20:00,Monday,2025-07-21 20:00,B0645,28.49,2.09,4.04,4.3,5.54,2.76,4.92,2.08,Accept,0,
2025-07-21,21:00,Monday,2025-07-21 21:00,B0646,29.11,2.13,3.89,4.22,6.43,3.68,3.19,1.88,Accept,0,
2025-07-21,22:00,Monday,2025-07-21 22:00,B0647,28.5,2.12,3.77,4.23,6.62,2.99,3.31,2.1,Accept,0,
2025-07-21,23:00,Monday,2025-07-21 23:00,B0648,28.43,1.94,4.42,4.26,5.63,3.8,5.55,2.01,Accept,0,
2025-07-22,00:00,Tuesday,2025-07-22 00:00,B0649,29.05,1.77,4.27,4.19,5.96,3.07,3.7,2.08,Correction,450,COLOR_a_b
2025-07-22,01:00,Tuesday,2025-07-22 01:00,B0650,28.25,2.05,3.66,4.13,7.13,2.7,2.91,1.97,Accept,0,
2025-07-22,02:00,Tuesday,2025-07-22 02:00,B0651,28.19,2.05,4.71,4.34,6.64,3.08,3.42,1.94,Accept,0,
2025-07-22,03:00,Tuesday,2025-07-22 03:00,B0652,28.56,2.1,3.98,4.21,6.53,2.64,3.56,1.69,Accept,0,
2025-07-22,04:00,Tuesday,2025-07-22 04:00,B0653,28.73,2.12,4.77,4.2,5.6,3.16,3.89,1.95,Accept,0,
2025-07-22,05:00,Tuesday,2025-07-22 05:00,B0654,28.8,1.89,5.13,4.25,7.94,2.1,4.48,2.43,Accept,0,
2025-07-22,06:00,Tuesday,2025-07-22 06:00,B0655,28.8,1.97,3.81,4.08,5.82,2.34,3.87,2.05,Correction,450,pH
2025-07-22,07:00,Tuesday,2025-07-22 07:00,B0656,28.96,2.03,3.66,4.2,6.79,3.85,3.36,2.01,Accept,0,
2025-07-22,08:00,Tuesday,2025-07-22 08:00,B0657,28.16,2.09,5.85,4.24,6.56,2.97,4.14,2.11,Accept,0,
2025-07-22,09:00,Tuesday,2025-07-22 09:00,B0658,28.59,1.97,3.97,4.15,7.2,2.19,3.66,1.84,Accept,0,
2025-07-22,10:00,Tuesday,2025-07-22 10:00,B0659,28.94,2.0,2.86,4.24,6.21,2.89,3.29,2.3,Accept,0,
2025-07-22,11:00,Tuesday,2025-07-22 11:00,B0660,28.7,1.71,7.14,4.27,8.06,3.16,5.37,1.67,Critical Waste,6000,"COLOR_a_b, BOSTWICK_cm, ACIDITY_pct"
2025-07-22,12:00,Tuesday,2025-07-22 12:00,B0661,27.84,2.07,4.51,4.14,6.84,3.03,4.92,1.87,Correction,450,BRIX
2025-07-22,13:00,Tuesday,2025-07-22 13:00,B0662,27.99,2.06,3.02,4.07,6.65,3.08,3.6,1.98,Correction,450,"BRIX, pH"
2025-07-22,14:00,Tuesday,2025-07-22 14:00,B0663,28.16,2.06,4.23,4.26,7.46,1.7,3.75,2.18,Accept,0,
2025-07-22,15:00,Tuesday,2025-07-22 15:00,B0664,29.55,2.03,4.66,4.31,6.61,2.49,2.1,2.1,Accept,0,
2025-07-22,16:00,Tuesday,2025-07-22 16:00,B0665,28.55,1.98,5.1,4.26,6.18,2.83,5.1,1.86,Accept,0,
2025-07-22,17:00,Tuesday,2025-07-22 17:00,B0666,28.66,2.16,3.86,4.21,5.95,3.49,3.93,1.94,Accept,0,
2025-07-22,18:00,Tuesday,2025-07-22 18:00,B0667,28.0,1.95,4.4,4.15,5.77,4.12,2.67,1.95,Accept,0,
2025-07-22,19:00,Tuesday,2025-07-22 19:00,B0668,29.62,1.97,3.45,4.19,6.62,2.72,4.23,1.85,Accept,0,
2025-07-22,20:00,Tuesday,2025-07-22 20:00,B0669,28.28,1.85,3.53,4.2,7.04,2.24,2.93,2.14,Accept,0,
2025-07-22,21:00,Tuesday,2025-07-22 21:00,B0670,28.4,2.0,3.61,4.18,6.17,2.77,3.36,2.03,Accept,0,
2025-07-22,22:00,Tuesday,2025-07-22 22:00,B0671,28.12,2.15,4.29,4.33,6.89,2.24,3.87,1.85,Accept,0,
2025-07-22,23:00,Tuesday,2025-07-22 23:00,B0672,28.84,1.93,3.11,4.32,6.13,2.5,2.21,1.95,Accept,0,
2025-07-23,00:00,Wednesday,2025-07-23 00:00,B0673,27.9,1.73,6.04,4.23,8.45,5.57,6.23,1.87,Critical Waste,6000,"BRIX, COLOR_a_b, BOSTWICK_cm, ACIDITY_pct, BLOTTER_TEST, SYNERESIS_pct"
2025-07-23,01:00,Wednesday,2025-07-23 01:00,B0674,28.61,2.14,3.96,4.07,6.42,3.64,3.17,1.94,Correction,450,pH
2025-07-23,02:00,Wednesday,2025-07-23 02:00,B0675,27.7,2.04,3.53,4.33,6.55,3.28,3.72,2.01,Correction,450,BRIX
2025-07-23,03:00,Wednesday,2025-07-23 03:00,B0676,28.88,1.9,4.39,4.15,7.13,3.1,4.25,2.01,Accept,0,
2025-07-23,04:00,Wednesday,2025-07-23 04:00,B0677,28.95,1.92,4.15,4.17,6.22,3.51,4.32,1.9,Accept,0,
2025-07-23,05:00,Wednesday,2025-07-23 05:00,B0678,28.64,1.86,5.0,4.25,7.11,2.05,4.67,2.33,Accept,0,
2025-07-23,06:00,Wednesday,2025-07-23 06:00,B0679,28.48,2.03,3.82,4.2,7.12,3.0,4.48,2.1,Accept,0,
2025-07-23,07:00,Wednesday,2025-07-23 07:00,B0680,28.02,1.93,4.08,4.22,6.14,3.49,4.17,2.13,Accept,0,
2025-07-23,08:00,Wednesday,2025-07-23 08:00,B0681,29.47,1.8,7.59,4.19,6.43,3.78,8.89,2.22,Critical Waste,6000,"COLOR_a_b, BOSTWICK_cm, SYNERESIS_pct"
2025-07-23,09:00,Wednesday,2025-07-23 09:00,B0682,28.9,2.15,4.2,4.18,6.99,3.0,4.28,1.68,Accept,0,
2025-07-23,10:00,Wednesday,2025-07-23 10:00,B0683,28.7,1.95,4.27,4.23,7.01,3.73,3.87,1.84,Accept,0,
2025-07-23,11:00,Wednesday,2025-07-23 11:00,B0684,29.16,2.0,3.52,4.22,6.72,2.76,4.18,2.05,Accept,0,
2025-07-23,12:00,Wednesday,2025-07-23 12:00,B0685,28.93,1.95,4.18,4.15,6.36,3.38,3.08,2.08,Accept,0,
2025-07-23,13:00,Wednesday,2025-07-23 13:00,B0686,28.21,2.0,3.43,4.19,6.39,3.5,3.58,1.76,Accept,0,
2025-07-23,14:00,Wednesday,2025-07-23 14:00,B0687,28.98,2.03,3.29,4.23,6.57,4.17,4.35,2.05,Accept,0,
2025-07-23,15:00,Wednesday,2025-07-23 15:00,B0688,28.69,2.08,5.5,4.2,6.34,3.07,4.55,1.77,Accept,0,
2025-07-23,16:00,Wednesday,2025-07-23 16:00,B0689,28.58,2.02,3.58,4.11,6.14,2.69,3.91,2.29,Accept,0,
2025-07-23,17:00,Wednesday,2025-07-23 17:00,B0690,28.9,1.91,4.49,4.27,6.98,3.73,5.34,1.95,Accept,0,
2025-07-23,18:00,Wednesday,2025-07-23 18:00,B0691,29.05,2.1,2.66,4.22,6.93,2.19,4.33,2.06,Accept,0,
2025-07-23,19:00,Wednesday,2025-07-23 19:00,B0692,28.72,2.17,4.04,4.28,7.82,3.36,3.83,2.11,Accept,0,
2025-07-23,20:00,Wednesday,2025-07-23 20:00,B0693,28.28,2.05,4.46,4.27,5.94,2.34,3.56,2.08,Accept,0,
2025-07-23,21:00,Wednesday,2025-07-23 21:00,B0694,28.66,2.09,5.02,4.17,5.86,2.46,2.86,2.2,Accept,0,
2025-07-23,22:00,Wednesday,2025-07-23 22:00,B0695,28.62,2.01,4.14,4.31,5.85,2.61,3.26,1.99,Accept,0,
2025-07-23,23:00,Wednesday,2025-07-23 23:00,B0696,28.73,1.94,5.54,4.32,7.37,3.13,5.09,2.18,Accept,0,
2025-07-24,00:00,Thursday,2025-07-24 00:00,B0697,28.85,2.07,4.37,4.15,6.59,2.56,4.16,1.89,Accept,0,
2025-07-24,01:00,Thursday,2025-07-24 01:00,B0698,29.42,1.98,4.32,4.18,7.02,2.24,4.14,1.87,Accept,0,
2025-07-24,02:00,Thursday,2025-07-24 02:00,B0699,28.06,2.01,3.49,4.27,6.73,2.26,3.66,1.88,Accept,0,
2025-07-24,03:00,Thursday,2025-07-24 03:00,B0700,29.01,2.17,3.51,4.13,6.65,2.67,5.11,2.01,Accept,0,
2025-07-24,04:00,Thursday,2025-07-24 04:00,B0701,28.19,1.95,4.02,4.22,5.08,3.7,2.3,1.98,Accept,0,
2025-07-24,05:00,Thursday,2025-07-24 05:00,B0702,28.63,1.89,2.43,4.35,9.01,3.12,4.07,1.78,Correction,450,ACIDITY_pct
2025-07-24,06:00,Thursday,2025-07-24 06:00,B0703,28.35,2.02,4.19,4.19,6.28,3.38,2.76,1.94,Accept,0,
2025-07-24,07:00,Thursday,2025-07-24 07:00,B0704,28.65,2.12,3.25,4.13,7.29,2.63,4.6,1.98,Accept,0,
2025-07-24,08:00,Thursday,2025-07-24 08:00,B0705,28.96,1.66,2.62,4.23,9.29,3.06,3.88,2.38,Correction,450,"COLOR_a_b, ACIDITY_pct"
2025-07-24,09:00,Thursday,2025-07-24 09:00,B0706,27.74,2.24,4.41,4.17,7.83,5.17,4.97,2.32,Correction,450,"BRIX, BLOTTER_TEST"
2025-07-24,10:00,Thursday,2025-07-24 10:00,B0707,28.94,2.1,3.98,4.11,5.6,2.05,3.44,1.94,Accept,0,
2025-07-24,11:00,Thursday,2025-07-24 11:00,B0708,28.41,1.96,5.38,4.33,5.92,3.95,3.52,2.02,Accept,0,
2025-07-24,12:00,Thursday,2025-07-24 12:00,B0709,29.36,1.9,3.7,4.25,5.7,2.44,3.04,1.95,Accept,0,
2025-07-24,13:00,Thursday,2025-07-24 13:00,B0710,28.51,2.16,4.72,4.22,6.46,4.13,4.16,1.95,Accept,0,
2025-07-24,14:00,Thursday,2025-07-24 14:00,B0711,28.35,1.98,3.73,4.3,7.02,2.99,4.51,1.64,Accept,0,
2025-07-24,15:00,Thursday,2025-07-24 15:00,B0712,28.34,2.08,3.87,4.16,7.17,3.56,3.38,2.07,Accept,0,
2025-07-24,16:00,Thursday,2025-07-24 16:00,B0713,28.78,2.16,3.26,4.17,6.51,2.37,2.54,2.16,Accept,0,
2025-07-24,17:00,Thursday,2025-07-24 17:00,B0714,29.09,1.94,3.4,4.2,7.21,3.46,3.69,2.05,Accept,0,
2025-07-24,18:00,Thursday,2025-07-24 18:00,B0715,28.68,1.85,7.35,4.36,7.28,4.26,4.07,1.9,Correction,450,BOSTWICK_cm
2025-07-24,19:00,Thursday,2025-07-24 19:00,B0716,28.46,2.06,4.55,4.21,5.9,3.03,3.88,2.03,Accept,0,
2025-07-24,20:00,Thursday,2025-07-24 20:00,B0717,28.28,2.1,4.4,4.16,6.34,2.13,4.27,2.1,Accept,0,
2025-07-24,21:00,Thursday,2025-07-24 21:00,B0718,28.78,2.08,3.29,4.26,6.04,2.32,3.56,1.91,Accept,0,
2025-07-24,22:00,Thursday,2025-07-24 22:00,B0719,28.91,2.04,4.18,4.19,6.19,3.17,3.89,2.12,Accept,0,
2025-07-24,23:00,Thursday,2025-07-24 23:00,B0720,28.32,2.12,3.96,4.22,6.41,3.73,2.93,2.09,Accept,0,
